,Fault Source Name,Slip Rate,Lower Seismogenic Depth,Dip,Magnitude Scaling Relationship,Mmax (L),Mmax (P),Mmax (U)
0,FallaPurgatorio,Upper,Upper,Upper,Upper,7.08,7.38,7.68
1,FallaIncapuquio,Upper,Upper,Upper,Upper,7.33,7.63,7.93
2,FallaMicalaco,Upper,Upper,Upper,Upper,6.85,7.15,7.45
3,FallaCerroRocoso,Upper,Upper,Upper,Upper,6.45,6.75,7.05
4,FallaChascoso,Upper,Upper,Upper,Upper,6.08,6.38,6.68
5,FallaChololo,Upper,Upper,Upper,Upper,7.16,7.46,7.76
6,FallaChulibaya,Upper,Upper,Upper,Upper,6.3,6.6,6.9
7,FallaCupine-pampaTrapiche,Upper,Upper,Upper,Upper,7.37,7.67,7.97
8,FallaMesacalane,Upper,Upper,Upper,Upper,6.31,6.61,6.91
9,FallaTambo,Upper,Upper,Upper,Upper,7.01,7.31,7.61
10,FallaToquepala,Upper,Upper,Upper,Upper,7.1,7.4,7.7
11,ZonadefallasCarumas-Calacoa,Upper,Upper,Upper,Upper,7.17,7.47,7.77
12,ZonadefallasCoralaque,Upper,Upper,Upper,Upper,6.81,7.11,7.41
13,ZonadefallasHuaynaputina,Upper,Upper,Upper,Upper,6.89,7.19,7.49
14,ZonadefallasIchuna,Upper,Upper,Upper,Upper,7.32,7.62,7.92
15,ZonadefallasPastoGrande,Upper,Upper,Upper,Upper,7.08,7.38,7.68
16,ZonadefallasTicsani-Suches,Upper,Upper,Upper,Upper,6.95,7.25,7.55
17,FallaPurgatorio,Upper,Pref,Upper,Upper,7.0,7.3,7.6
18,FallaIncapuquio,Upper,Pref,Upper,Upper,7.25,7.55,7.85
19,FallaMicalaco,Upper,Pref,Upper,Upper,6.77,7.07,7.37
20,FallaCerroRocoso,Upper,Pref,Upper,Upper,6.37,6.67,6.97
21,FallaChascoso,Upper,Pref,Upper,Upper,6.0,6.3,6.6
22,FallaChololo,Upper,Pref,Upper,Upper,7.08,7.38,7.68
23,FallaChulibaya,Upper,Pref,Upper,Upper,6.22,6.52,6.82
24,FallaCupine-pampaTrapiche,Upper,Pref,Upper,Upper,7.29,7.59,7.89
25,FallaMesacalane,Upper,Pref,Upper,Upper,6.24,6.54,6.84
26,FallaTambo,Upper,Pref,Upper,Upper,6.93,7.23,7.53
27,FallaToquepala,Upper,Pref,Upper,Upper,7.02,7.32,7.62
28,ZonadefallasCarumas-Calacoa,Upper,Pref,Upper,Upper,7.09,7.39,7.69
29,ZonadefallasCoralaque,Upper,Pref,Upper,Upper,6.73,7.03,7.33
30,ZonadefallasHuaynaputina,Upper,Pref,Upper,Upper,6.81,7.11,7.41
31,ZonadefallasIchuna,Upper,Pref,Upper,Upper,7.24,7.54,7.84
32,ZonadefallasPastoGrande,Upper,Pref,Upper,Upper,7.0,7.3,7.6
33,ZonadefallasTicsani-Suches,Upper,Pref,Upper,Upper,6.87,7.17,7.47
34,FallaPurgatorio,Upper,Lower,Upper,Upper,6.91,7.21,7.51
35,FallaIncapuquio,Upper,Lower,Upper,Upper,7.15,7.45,7.75
36,FallaMicalaco,Upper,Lower,Upper,Upper,6.68,6.98,7.28
37,FallaCerroRocoso,Upper,Lower,Upper,Upper,6.28,6.58,6.88
38,FallaChascoso,Upper,Lower,Upper,Upper,5.9,6.2,6.5
39,FallaChololo,Upper,Lower,Upper,Upper,6.98,7.28,7.58
40,FallaChulibaya,Upper,Lower,Upper,Upper,6.12,6.42,6.72
41,FallaCupine-pampaTrapiche,Upper,Lower,Upper,Upper,7.19,7.49,7.79
42,FallaMesacalane,Upper,Lower,Upper,Upper,6.14,6.44,6.74
43,FallaTambo,Upper,Lower,Upper,Upper,6.84,7.14,7.44
44,FallaToquepala,Upper,Lower,Upper,Upper,6.93,7.23,7.53
45,ZonadefallasCarumas-Calacoa,Upper,Lower,Upper,Upper,6.99,7.29,7.59
46,ZonadefallasCoralaque,Upper,Lower,Upper,Upper,6.63,6.93,7.23
47,ZonadefallasHuaynaputina,Upper,Lower,Upper,Upper,6.71,7.01,7.31
48,ZonadefallasIchuna,Upper,Lower,Upper,Upper,7.15,7.45,7.75
49,ZonadefallasPastoGrande,Upper,Lower,Upper,Upper,6.91,7.21,7.51
50,ZonadefallasTicsani-Suches,Upper,Lower,Upper,Upper,6.77,7.07,7.37
51,FallaPurgatorio,Upper,Upper,Upper,Pref,7.08,7.38,7.68
52,FallaIncapuquio,Upper,Upper,Upper,Pref,7.33,7.63,7.93
53,FallaMicalaco,Upper,Upper,Upper,Pref,6.85,7.15,7.45
54,FallaCerroRocoso,Upper,Upper,Upper,Pref,6.45,6.75,7.05
55,FallaChascoso,Upper,Upper,Upper,Pref,6.08,6.38,6.68
56,FallaChololo,Upper,Upper,Upper,Pref,7.16,7.46,7.76
57,FallaChulibaya,Upper,Upper,Upper,Pref,6.3,6.6,6.9
58,FallaCupine-pampaTrapiche,Upper,Upper,Upper,Pref,7.37,7.67,7.97
59,FallaMesacalane,Upper,Upper,Upper,Pref,6.31,6.61,6.91
60,FallaTambo,Upper,Upper,Upper,Pref,7.01,7.31,7.61
61,FallaToquepala,Upper,Upper,Upper,Pref,7.1,7.4,7.7
62,ZonadefallasCarumas-Calacoa,Upper,Upper,Upper,Pref,7.17,7.47,7.77
63,ZonadefallasCoralaque,Upper,Upper,Upper,Pref,6.81,7.11,7.41
64,ZonadefallasHuaynaputina,Upper,Upper,Upper,Pref,6.89,7.19,7.49
65,ZonadefallasIchuna,Upper,Upper,Upper,Pref,7.32,7.62,7.92
66,ZonadefallasPastoGrande,Upper,Upper,Upper,Pref,7.08,7.38,7.68
67,ZonadefallasTicsani-Suches,Upper,Upper,Upper,Pref,6.95,7.25,7.55
68,FallaPurgatorio,Upper,Pref,Upper,Pref,7.0,7.3,7.6
69,FallaIncapuquio,Upper,Pref,Upper,Pref,7.25,7.55,7.85
70,FallaMicalaco,Upper,Pref,Upper,Pref,6.77,7.07,7.37
71,FallaCerroRocoso,Upper,Pref,Upper,Pref,6.37,6.67,6.97
72,FallaChascoso,Upper,Pref,Upper,Pref,6.0,6.3,6.6
73,FallaChololo,Upper,Pref,Upper,Pref,7.08,7.38,7.68
74,FallaChulibaya,Upper,Pref,Upper,Pref,6.22,6.52,6.82
75,FallaCupine-pampaTrapiche,Upper,Pref,Upper,Pref,7.29,7.59,7.89
76,FallaMesacalane,Upper,Pref,Upper,Pref,6.24,6.54,6.84
77,FallaTambo,Upper,Pref,Upper,Pref,6.93,7.23,7.53
78,FallaToquepala,Upper,Pref,Upper,Pref,7.02,7.32,7.62
79,ZonadefallasCarumas-Calacoa,Upper,Pref,Upper,Pref,7.09,7.39,7.69
80,ZonadefallasCoralaque,Upper,Pref,Upper,Pref,6.73,7.03,7.33
81,ZonadefallasHuaynaputina,Upper,Pref,Upper,Pref,6.81,7.11,7.41
82,ZonadefallasIchuna,Upper,Pref,Upper,Pref,7.24,7.54,7.84
83,ZonadefallasPastoGrande,Upper,Pref,Upper,Pref,7.0,7.3,7.6
84,ZonadefallasTicsani-Suches,Upper,Pref,Upper,Pref,6.87,7.17,7.47
85,FallaPurgatorio,Upper,Lower,Upper,Pref,6.91,7.21,7.51
86,FallaIncapuquio,Upper,Lower,Upper,Pref,7.15,7.45,7.75
87,FallaMicalaco,Upper,Lower,Upper,Pref,6.68,6.98,7.28
88,FallaCerroRocoso,Upper,Lower,Upper,Pref,6.28,6.58,6.88
89,FallaChascoso,Upper,Lower,Upper,Pref,5.9,6.2,6.5
90,FallaChololo,Upper,Lower,Upper,Pref,6.98,7.28,7.58
91,FallaChulibaya,Upper,Lower,Upper,Pref,6.12,6.42,6.72
92,FallaCupine-pampaTrapiche,Upper,Lower,Upper,Pref,7.19,7.49,7.79
93,FallaMesacalane,Upper,Lower,Upper,Pref,6.14,6.44,6.74
94,FallaTambo,Upper,Lower,Upper,Pref,6.84,7.14,7.44
95,FallaToquepala,Upper,Lower,Upper,Pref,6.93,7.23,7.53
96,ZonadefallasCarumas-Calacoa,Upper,Lower,Upper,Pref,6.99,7.29,7.59
97,ZonadefallasCoralaque,Upper,Lower,Upper,Pref,6.63,6.93,7.23
98,ZonadefallasHuaynaputina,Upper,Lower,Upper,Pref,6.71,7.01,7.31
99,ZonadefallasIchuna,Upper,Lower,Upper,Pref,7.15,7.45,7.75
100,ZonadefallasPastoGrande,Upper,Lower,Upper,Pref,6.91,7.21,7.51
101,ZonadefallasTicsani-Suches,Upper,Lower,Upper,Pref,6.77,7.07,7.37
102,FallaPurgatorio,Upper,Upper,Upper,Lower,7.08,7.38,7.68
103,FallaIncapuquio,Upper,Upper,Upper,Lower,7.33,7.63,7.93
104,FallaMicalaco,Upper,Upper,Upper,Lower,6.85,7.15,7.45
105,FallaCerroRocoso,Upper,Upper,Upper,Lower,6.45,6.75,7.05
106,FallaChascoso,Upper,Upper,Upper,Lower,6.08,6.38,6.68
107,FallaChololo,Upper,Upper,Upper,Lower,7.16,7.46,7.76
108,FallaChulibaya,Upper,Upper,Upper,Lower,6.3,6.6,6.9
109,FallaCupine-pampaTrapiche,Upper,Upper,Upper,Lower,7.37,7.67,7.97
110,FallaMesacalane,Upper,Upper,Upper,Lower,6.31,6.61,6.91
111,FallaTambo,Upper,Upper,Upper,Lower,7.01,7.31,7.61
112,FallaToquepala,Upper,Upper,Upper,Lower,7.1,7.4,7.7
113,ZonadefallasCarumas-Calacoa,Upper,Upper,Upper,Lower,7.17,7.47,7.77
114,ZonadefallasCoralaque,Upper,Upper,Upper,Lower,6.81,7.11,7.41
115,ZonadefallasHuaynaputina,Upper,Upper,Upper,Lower,6.89,7.19,7.49
116,ZonadefallasIchuna,Upper,Upper,Upper,Lower,7.32,7.62,7.92
117,ZonadefallasPastoGrande,Upper,Upper,Upper,Lower,7.08,7.38,7.68
118,ZonadefallasTicsani-Suches,Upper,Upper,Upper,Lower,6.95,7.25,7.55
119,FallaPurgatorio,Upper,Pref,Upper,Lower,7.0,7.3,7.6
120,FallaIncapuquio,Upper,Pref,Upper,Lower,7.25,7.55,7.85
121,FallaMicalaco,Upper,Pref,Upper,Lower,6.77,7.07,7.37
122,FallaCerroRocoso,Upper,Pref,Upper,Lower,6.37,6.67,6.97
123,FallaChascoso,Upper,Pref,Upper,Lower,6.0,6.3,6.6
124,FallaChololo,Upper,Pref,Upper,Lower,7.08,7.38,7.68
125,FallaChulibaya,Upper,Pref,Upper,Lower,6.22,6.52,6.82
126,FallaCupine-pampaTrapiche,Upper,Pref,Upper,Lower,7.29,7.59,7.89
127,FallaMesacalane,Upper,Pref,Upper,Lower,6.24,6.54,6.84
128,FallaTambo,Upper,Pref,Upper,Lower,6.93,7.23,7.53
129,FallaToquepala,Upper,Pref,Upper,Lower,7.02,7.32,7.62
130,ZonadefallasCarumas-Calacoa,Upper,Pref,Upper,Lower,7.09,7.39,7.69
131,ZonadefallasCoralaque,Upper,Pref,Upper,Lower,6.73,7.03,7.33
132,ZonadefallasHuaynaputina,Upper,Pref,Upper,Lower,6.81,7.11,7.41
133,ZonadefallasIchuna,Upper,Pref,Upper,Lower,7.24,7.54,7.84
134,ZonadefallasPastoGrande,Upper,Pref,Upper,Lower,7.0,7.3,7.6
135,ZonadefallasTicsani-Suches,Upper,Pref,Upper,Lower,6.87,7.17,7.47
136,FallaPurgatorio,Upper,Lower,Upper,Lower,6.91,7.21,7.51
137,FallaIncapuquio,Upper,Lower,Upper,Lower,7.15,7.45,7.75
138,FallaMicalaco,Upper,Lower,Upper,Lower,6.68,6.98,7.28
139,FallaCerroRocoso,Upper,Lower,Upper,Lower,6.28,6.58,6.88
140,FallaChascoso,Upper,Lower,Upper,Lower,5.9,6.2,6.5
141,FallaChololo,Upper,Lower,Upper,Lower,6.98,7.28,7.58
142,FallaChulibaya,Upper,Lower,Upper,Lower,6.12,6.42,6.72
143,FallaCupine-pampaTrapiche,Upper,Lower,Upper,Lower,7.19,7.49,7.79
144,FallaMesacalane,Upper,Lower,Upper,Lower,6.14,6.44,6.74
145,FallaTambo,Upper,Lower,Upper,Lower,6.84,7.14,7.44
146,FallaToquepala,Upper,Lower,Upper,Lower,6.93,7.23,7.53
147,ZonadefallasCarumas-Calacoa,Upper,Lower,Upper,Lower,6.99,7.29,7.59
148,ZonadefallasCoralaque,Upper,Lower,Upper,Lower,6.63,6.93,7.23
149,ZonadefallasHuaynaputina,Upper,Lower,Upper,Lower,6.71,7.01,7.31
150,ZonadefallasIchuna,Upper,Lower,Upper,Lower,7.15,7.45,7.75
151,ZonadefallasPastoGrande,Upper,Lower,Upper,Lower,6.91,7.21,7.51
152,ZonadefallasTicsani-Suches,Upper,Lower,Upper,Lower,6.77,7.07,7.37
153,FallaPurgatorio,Pref,Upper,Upper,Upper,7.08,7.38,7.68
154,FallaIncapuquio,Pref,Upper,Upper,Upper,7.33,7.63,7.93
155,FallaMicalaco,Pref,Upper,Upper,Upper,6.85,7.15,7.45
156,FallaCerroRocoso,Pref,Upper,Upper,Upper,6.45,6.75,7.05
157,FallaChascoso,Pref,Upper,Upper,Upper,6.08,6.38,6.68
158,FallaChololo,Pref,Upper,Upper,Upper,7.16,7.46,7.76
159,FallaChulibaya,Pref,Upper,Upper,Upper,6.3,6.6,6.9
160,FallaCupine-pampaTrapiche,Pref,Upper,Upper,Upper,7.37,7.67,7.97
161,FallaMesacalane,Pref,Upper,Upper,Upper,6.31,6.61,6.91
162,FallaTambo,Pref,Upper,Upper,Upper,7.01,7.31,7.61
163,FallaToquepala,Pref,Upper,Upper,Upper,7.1,7.4,7.7
164,ZonadefallasCarumas-Calacoa,Pref,Upper,Upper,Upper,7.17,7.47,7.77
165,ZonadefallasCoralaque,Pref,Upper,Upper,Upper,6.81,7.11,7.41
166,ZonadefallasHuaynaputina,Pref,Upper,Upper,Upper,6.89,7.19,7.49
167,ZonadefallasIchuna,Pref,Upper,Upper,Upper,7.32,7.62,7.92
168,ZonadefallasPastoGrande,Pref,Upper,Upper,Upper,7.08,7.38,7.68
169,ZonadefallasTicsani-Suches,Pref,Upper,Upper,Upper,6.95,7.25,7.55
170,FallaPurgatorio,Pref,Pref,Upper,Upper,7.0,7.3,7.6
171,FallaIncapuquio,Pref,Pref,Upper,Upper,7.25,7.55,7.85
172,FallaMicalaco,Pref,Pref,Upper,Upper,6.77,7.07,7.37
173,FallaCerroRocoso,Pref,Pref,Upper,Upper,6.37,6.67,6.97
174,FallaChascoso,Pref,Pref,Upper,Upper,6.0,6.3,6.6
175,FallaChololo,Pref,Pref,Upper,Upper,7.08,7.38,7.68
176,FallaChulibaya,Pref,Pref,Upper,Upper,6.22,6.52,6.82
177,FallaCupine-pampaTrapiche,Pref,Pref,Upper,Upper,7.29,7.59,7.89
178,FallaMesacalane,Pref,Pref,Upper,Upper,6.24,6.54,6.84
179,FallaTambo,Pref,Pref,Upper,Upper,6.93,7.23,7.53
180,FallaToquepala,Pref,Pref,Upper,Upper,7.02,7.32,7.62
181,ZonadefallasCarumas-Calacoa,Pref,Pref,Upper,Upper,7.09,7.39,7.69
182,ZonadefallasCoralaque,Pref,Pref,Upper,Upper,6.73,7.03,7.33
183,ZonadefallasHuaynaputina,Pref,Pref,Upper,Upper,6.81,7.11,7.41
184,ZonadefallasIchuna,Pref,Pref,Upper,Upper,7.24,7.54,7.84
185,ZonadefallasPastoGrande,Pref,Pref,Upper,Upper,7.0,7.3,7.6
186,ZonadefallasTicsani-Suches,Pref,Pref,Upper,Upper,6.87,7.17,7.47
187,FallaPurgatorio,Pref,Lower,Upper,Upper,6.91,7.21,7.51
188,FallaIncapuquio,Pref,Lower,Upper,Upper,7.15,7.45,7.75
189,FallaMicalaco,Pref,Lower,Upper,Upper,6.68,6.98,7.28
190,FallaCerroRocoso,Pref,Lower,Upper,Upper,6.28,6.58,6.88
191,FallaChascoso,Pref,Lower,Upper,Upper,5.9,6.2,6.5
192,FallaChololo,Pref,Lower,Upper,Upper,6.98,7.28,7.58
193,FallaChulibaya,Pref,Lower,Upper,Upper,6.12,6.42,6.72
194,FallaCupine-pampaTrapiche,Pref,Lower,Upper,Upper,7.19,7.49,7.79
195,FallaMesacalane,Pref,Lower,Upper,Upper,6.14,6.44,6.74
196,FallaTambo,Pref,Lower,Upper,Upper,6.84,7.14,7.44
197,FallaToquepala,Pref,Lower,Upper,Upper,6.93,7.23,7.53
198,ZonadefallasCarumas-Calacoa,Pref,Lower,Upper,Upper,6.99,7.29,7.59
199,ZonadefallasCoralaque,Pref,Lower,Upper,Upper,6.63,6.93,7.23
200,ZonadefallasHuaynaputina,Pref,Lower,Upper,Upper,6.71,7.01,7.31
201,ZonadefallasIchuna,Pref,Lower,Upper,Upper,7.15,7.45,7.75
202,ZonadefallasPastoGrande,Pref,Lower,Upper,Upper,6.91,7.21,7.51
203,ZonadefallasTicsani-Suches,Pref,Lower,Upper,Upper,6.77,7.07,7.37
204,FallaPurgatorio,Pref,Upper,Upper,Pref,7.08,7.38,7.68
205,FallaIncapuquio,Pref,Upper,Upper,Pref,7.33,7.63,7.93
206,FallaMicalaco,Pref,Upper,Upper,Pref,6.85,7.15,7.45
207,FallaCerroRocoso,Pref,Upper,Upper,Pref,6.45,6.75,7.05
208,FallaChascoso,Pref,Upper,Upper,Pref,6.08,6.38,6.68
209,FallaChololo,Pref,Upper,Upper,Pref,7.16,7.46,7.76
210,FallaChulibaya,Pref,Upper,Upper,Pref,6.3,6.6,6.9
211,FallaCupine-pampaTrapiche,Pref,Upper,Upper,Pref,7.37,7.67,7.97
212,FallaMesacalane,Pref,Upper,Upper,Pref,6.31,6.61,6.91
213,FallaTambo,Pref,Upper,Upper,Pref,7.01,7.31,7.61
214,FallaToquepala,Pref,Upper,Upper,Pref,7.1,7.4,7.7
215,ZonadefallasCarumas-Calacoa,Pref,Upper,Upper,Pref,7.17,7.47,7.77
216,ZonadefallasCoralaque,Pref,Upper,Upper,Pref,6.81,7.11,7.41
217,ZonadefallasHuaynaputina,Pref,Upper,Upper,Pref,6.89,7.19,7.49
218,ZonadefallasIchuna,Pref,Upper,Upper,Pref,7.32,7.62,7.92
219,ZonadefallasPastoGrande,Pref,Upper,Upper,Pref,7.08,7.38,7.68
220,ZonadefallasTicsani-Suches,Pref,Upper,Upper,Pref,6.95,7.25,7.55
221,FallaPurgatorio,Pref,Pref,Upper,Pref,7.0,7.3,7.6
222,FallaIncapuquio,Pref,Pref,Upper,Pref,7.25,7.55,7.85
223,FallaMicalaco,Pref,Pref,Upper,Pref,6.77,7.07,7.37
224,FallaCerroRocoso,Pref,Pref,Upper,Pref,6.37,6.67,6.97
225,FallaChascoso,Pref,Pref,Upper,Pref,6.0,6.3,6.6
226,FallaChololo,Pref,Pref,Upper,Pref,7.08,7.38,7.68
227,FallaChulibaya,Pref,Pref,Upper,Pref,6.22,6.52,6.82
228,FallaCupine-pampaTrapiche,Pref,Pref,Upper,Pref,7.29,7.59,7.89
229,FallaMesacalane,Pref,Pref,Upper,Pref,6.24,6.54,6.84
230,FallaTambo,Pref,Pref,Upper,Pref,6.93,7.23,7.53
231,FallaToquepala,Pref,Pref,Upper,Pref,7.02,7.32,7.62
232,ZonadefallasCarumas-Calacoa,Pref,Pref,Upper,Pref,7.09,7.39,7.69
233,ZonadefallasCoralaque,Pref,Pref,Upper,Pref,6.73,7.03,7.33
234,ZonadefallasHuaynaputina,Pref,Pref,Upper,Pref,6.81,7.11,7.41
235,ZonadefallasIchuna,Pref,Pref,Upper,Pref,7.24,7.54,7.84
236,ZonadefallasPastoGrande,Pref,Pref,Upper,Pref,7.0,7.3,7.6
237,ZonadefallasTicsani-Suches,Pref,Pref,Upper,Pref,6.87,7.17,7.47
238,FallaPurgatorio,Pref,Lower,Upper,Pref,6.91,7.21,7.51
239,FallaIncapuquio,Pref,Lower,Upper,Pref,7.15,7.45,7.75
240,FallaMicalaco,Pref,Lower,Upper,Pref,6.68,6.98,7.28
241,FallaCerroRocoso,Pref,Lower,Upper,Pref,6.28,6.58,6.88
242,FallaChascoso,Pref,Lower,Upper,Pref,5.9,6.2,6.5
243,FallaChololo,Pref,Lower,Upper,Pref,6.98,7.28,7.58
244,FallaChulibaya,Pref,Lower,Upper,Pref,6.12,6.42,6.72
245,FallaCupine-pampaTrapiche,Pref,Lower,Upper,Pref,7.19,7.49,7.79
246,FallaMesacalane,Pref,Lower,Upper,Pref,6.14,6.44,6.74
247,FallaTambo,Pref,Lower,Upper,Pref,6.84,7.14,7.44
248,FallaToquepala,Pref,Lower,Upper,Pref,6.93,7.23,7.53
249,ZonadefallasCarumas-Calacoa,Pref,Lower,Upper,Pref,6.99,7.29,7.59
250,ZonadefallasCoralaque,Pref,Lower,Upper,Pref,6.63,6.93,7.23
251,ZonadefallasHuaynaputina,Pref,Lower,Upper,Pref,6.71,7.01,7.31
252,ZonadefallasIchuna,Pref,Lower,Upper,Pref,7.15,7.45,7.75
253,ZonadefallasPastoGrande,Pref,Lower,Upper,Pref,6.91,7.21,7.51
254,ZonadefallasTicsani-Suches,Pref,Lower,Upper,Pref,6.77,7.07,7.37
255,FallaPurgatorio,Pref,Upper,Upper,Lower,7.08,7.38,7.68
256,FallaIncapuquio,Pref,Upper,Upper,Lower,7.33,7.63,7.93
257,FallaMicalaco,Pref,Upper,Upper,Lower,6.85,7.15,7.45
258,FallaCerroRocoso,Pref,Upper,Upper,Lower,6.45,6.75,7.05
259,FallaChascoso,Pref,Upper,Upper,Lower,6.08,6.38,6.68
260,FallaChololo,Pref,Upper,Upper,Lower,7.16,7.46,7.76
261,FallaChulibaya,Pref,Upper,Upper,Lower,6.3,6.6,6.9
262,FallaCupine-pampaTrapiche,Pref,Upper,Upper,Lower,7.37,7.67,7.97
263,FallaMesacalane,Pref,Upper,Upper,Lower,6.31,6.61,6.91
264,FallaTambo,Pref,Upper,Upper,Lower,7.01,7.31,7.61
265,FallaToquepala,Pref,Upper,Upper,Lower,7.1,7.4,7.7
266,ZonadefallasCarumas-Calacoa,Pref,Upper,Upper,Lower,7.17,7.47,7.77
267,ZonadefallasCoralaque,Pref,Upper,Upper,Lower,6.81,7.11,7.41
268,ZonadefallasHuaynaputina,Pref,Upper,Upper,Lower,6.89,7.19,7.49
269,ZonadefallasIchuna,Pref,Upper,Upper,Lower,7.32,7.62,7.92
270,ZonadefallasPastoGrande,Pref,Upper,Upper,Lower,7.08,7.38,7.68
271,ZonadefallasTicsani-Suches,Pref,Upper,Upper,Lower,6.95,7.25,7.55
272,FallaPurgatorio,Pref,Pref,Upper,Lower,7.0,7.3,7.6
273,FallaIncapuquio,Pref,Pref,Upper,Lower,7.25,7.55,7.85
274,FallaMicalaco,Pref,Pref,Upper,Lower,6.77,7.07,7.37
275,FallaCerroRocoso,Pref,Pref,Upper,Lower,6.37,6.67,6.97
276,FallaChascoso,Pref,Pref,Upper,Lower,6.0,6.3,6.6
277,FallaChololo,Pref,Pref,Upper,Lower,7.08,7.38,7.68
278,FallaChulibaya,Pref,Pref,Upper,Lower,6.22,6.52,6.82
279,FallaCupine-pampaTrapiche,Pref,Pref,Upper,Lower,7.29,7.59,7.89
280,FallaMesacalane,Pref,Pref,Upper,Lower,6.24,6.54,6.84
281,FallaTambo,Pref,Pref,Upper,Lower,6.93,7.23,7.53
282,FallaToquepala,Pref,Pref,Upper,Lower,7.02,7.32,7.62
283,ZonadefallasCarumas-Calacoa,Pref,Pref,Upper,Lower,7.09,7.39,7.69
284,ZonadefallasCoralaque,Pref,Pref,Upper,Lower,6.73,7.03,7.33
285,ZonadefallasHuaynaputina,Pref,Pref,Upper,Lower,6.81,7.11,7.41
286,ZonadefallasIchuna,Pref,Pref,Upper,Lower,7.24,7.54,7.84
287,ZonadefallasPastoGrande,Pref,Pref,Upper,Lower,7.0,7.3,7.6
288,ZonadefallasTicsani-Suches,Pref,Pref,Upper,Lower,6.87,7.17,7.47
289,FallaPurgatorio,Pref,Lower,Upper,Lower,6.91,7.21,7.51
290,FallaIncapuquio,Pref,Lower,Upper,Lower,7.15,7.45,7.75
291,FallaMicalaco,Pref,Lower,Upper,Lower,6.68,6.98,7.28
292,FallaCerroRocoso,Pref,Lower,Upper,Lower,6.28,6.58,6.88
293,FallaChascoso,Pref,Lower,Upper,Lower,5.9,6.2,6.5
294,FallaChololo,Pref,Lower,Upper,Lower,6.98,7.28,7.58
295,FallaChulibaya,Pref,Lower,Upper,Lower,6.12,6.42,6.72
296,FallaCupine-pampaTrapiche,Pref,Lower,Upper,Lower,7.19,7.49,7.79
297,FallaMesacalane,Pref,Lower,Upper,Lower,6.14,6.44,6.74
298,FallaTambo,Pref,Lower,Upper,Lower,6.84,7.14,7.44
299,FallaToquepala,Pref,Lower,Upper,Lower,6.93,7.23,7.53
300,ZonadefallasCarumas-Calacoa,Pref,Lower,Upper,Lower,6.99,7.29,7.59
301,ZonadefallasCoralaque,Pref,Lower,Upper,Lower,6.63,6.93,7.23
302,ZonadefallasHuaynaputina,Pref,Lower,Upper,Lower,6.71,7.01,7.31
303,ZonadefallasIchuna,Pref,Lower,Upper,Lower,7.15,7.45,7.75
304,ZonadefallasPastoGrande,Pref,Lower,Upper,Lower,6.91,7.21,7.51
305,ZonadefallasTicsani-Suches,Pref,Lower,Upper,Lower,6.77,7.07,7.37
306,FallaPurgatorio,Lower,Upper,Upper,Upper,7.08,7.38,7.68
307,FallaIncapuquio,Lower,Upper,Upper,Upper,7.33,7.63,7.93
308,FallaMicalaco,Lower,Upper,Upper,Upper,6.85,7.15,7.45
309,FallaCerroRocoso,Lower,Upper,Upper,Upper,6.45,6.75,7.05
310,FallaChascoso,Lower,Upper,Upper,Upper,6.08,6.38,6.68
311,FallaChololo,Lower,Upper,Upper,Upper,7.16,7.46,7.76
312,FallaChulibaya,Lower,Upper,Upper,Upper,6.3,6.6,6.9
313,FallaCupine-pampaTrapiche,Lower,Upper,Upper,Upper,7.37,7.67,7.97
314,FallaMesacalane,Lower,Upper,Upper,Upper,6.31,6.61,6.91
315,FallaTambo,Lower,Upper,Upper,Upper,7.01,7.31,7.61
316,FallaToquepala,Lower,Upper,Upper,Upper,7.1,7.4,7.7
317,ZonadefallasCarumas-Calacoa,Lower,Upper,Upper,Upper,7.17,7.47,7.77
318,ZonadefallasCoralaque,Lower,Upper,Upper,Upper,6.81,7.11,7.41
319,ZonadefallasHuaynaputina,Lower,Upper,Upper,Upper,6.89,7.19,7.49
320,ZonadefallasIchuna,Lower,Upper,Upper,Upper,7.32,7.62,7.92
321,ZonadefallasPastoGrande,Lower,Upper,Upper,Upper,7.08,7.38,7.68
322,ZonadefallasTicsani-Suches,Lower,Upper,Upper,Upper,6.95,7.25,7.55
323,FallaPurgatorio,Lower,Pref,Upper,Upper,7.0,7.3,7.6
324,FallaIncapuquio,Lower,Pref,Upper,Upper,7.25,7.55,7.85
325,FallaMicalaco,Lower,Pref,Upper,Upper,6.77,7.07,7.37
326,FallaCerroRocoso,Lower,Pref,Upper,Upper,6.37,6.67,6.97
327,FallaChascoso,Lower,Pref,Upper,Upper,6.0,6.3,6.6
328,FallaChololo,Lower,Pref,Upper,Upper,7.08,7.38,7.68
329,FallaChulibaya,Lower,Pref,Upper,Upper,6.22,6.52,6.82
330,FallaCupine-pampaTrapiche,Lower,Pref,Upper,Upper,7.29,7.59,7.89
331,FallaMesacalane,Lower,Pref,Upper,Upper,6.24,6.54,6.84
332,FallaTambo,Lower,Pref,Upper,Upper,6.93,7.23,7.53
333,FallaToquepala,Lower,Pref,Upper,Upper,7.02,7.32,7.62
334,ZonadefallasCarumas-Calacoa,Lower,Pref,Upper,Upper,7.09,7.39,7.69
335,ZonadefallasCoralaque,Lower,Pref,Upper,Upper,6.73,7.03,7.33
336,ZonadefallasHuaynaputina,Lower,Pref,Upper,Upper,6.81,7.11,7.41
337,ZonadefallasIchuna,Lower,Pref,Upper,Upper,7.24,7.54,7.84
338,ZonadefallasPastoGrande,Lower,Pref,Upper,Upper,7.0,7.3,7.6
339,ZonadefallasTicsani-Suches,Lower,Pref,Upper,Upper,6.87,7.17,7.47
340,FallaPurgatorio,Lower,Lower,Upper,Upper,6.91,7.21,7.51
341,FallaIncapuquio,Lower,Lower,Upper,Upper,7.15,7.45,7.75
342,FallaMicalaco,Lower,Lower,Upper,Upper,6.68,6.98,7.28
343,FallaCerroRocoso,Lower,Lower,Upper,Upper,6.28,6.58,6.88
344,FallaChascoso,Lower,Lower,Upper,Upper,5.9,6.2,6.5
345,FallaChololo,Lower,Lower,Upper,Upper,6.98,7.28,7.58
346,FallaChulibaya,Lower,Lower,Upper,Upper,6.12,6.42,6.72
347,FallaCupine-pampaTrapiche,Lower,Lower,Upper,Upper,7.19,7.49,7.79
348,FallaMesacalane,Lower,Lower,Upper,Upper,6.14,6.44,6.74
349,FallaTambo,Lower,Lower,Upper,Upper,6.84,7.14,7.44
350,FallaToquepala,Lower,Lower,Upper,Upper,6.93,7.23,7.53
351,ZonadefallasCarumas-Calacoa,Lower,Lower,Upper,Upper,6.99,7.29,7.59
352,ZonadefallasCoralaque,Lower,Lower,Upper,Upper,6.63,6.93,7.23
353,ZonadefallasHuaynaputina,Lower,Lower,Upper,Upper,6.71,7.01,7.31
354,ZonadefallasIchuna,Lower,Lower,Upper,Upper,7.15,7.45,7.75
355,ZonadefallasPastoGrande,Lower,Lower,Upper,Upper,6.91,7.21,7.51
356,ZonadefallasTicsani-Suches,Lower,Lower,Upper,Upper,6.77,7.07,7.37
357,FallaPurgatorio,Lower,Upper,Upper,Pref,7.08,7.38,7.68
358,FallaIncapuquio,Lower,Upper,Upper,Pref,7.33,7.63,7.93
359,FallaMicalaco,Lower,Upper,Upper,Pref,6.85,7.15,7.45
360,FallaCerroRocoso,Lower,Upper,Upper,Pref,6.45,6.75,7.05
361,FallaChascoso,Lower,Upper,Upper,Pref,6.08,6.38,6.68
362,FallaChololo,Lower,Upper,Upper,Pref,7.16,7.46,7.76
363,FallaChulibaya,Lower,Upper,Upper,Pref,6.3,6.6,6.9
364,FallaCupine-pampaTrapiche,Lower,Upper,Upper,Pref,7.37,7.67,7.97
365,FallaMesacalane,Lower,Upper,Upper,Pref,6.31,6.61,6.91
366,FallaTambo,Lower,Upper,Upper,Pref,7.01,7.31,7.61
367,FallaToquepala,Lower,Upper,Upper,Pref,7.1,7.4,7.7
368,ZonadefallasCarumas-Calacoa,Lower,Upper,Upper,Pref,7.17,7.47,7.77
369,ZonadefallasCoralaque,Lower,Upper,Upper,Pref,6.81,7.11,7.41
370,ZonadefallasHuaynaputina,Lower,Upper,Upper,Pref,6.89,7.19,7.49
371,ZonadefallasIchuna,Lower,Upper,Upper,Pref,7.32,7.62,7.92
372,ZonadefallasPastoGrande,Lower,Upper,Upper,Pref,7.08,7.38,7.68
373,ZonadefallasTicsani-Suches,Lower,Upper,Upper,Pref,6.95,7.25,7.55
374,FallaPurgatorio,Lower,Pref,Upper,Pref,7.0,7.3,7.6
375,FallaIncapuquio,Lower,Pref,Upper,Pref,7.25,7.55,7.85
376,FallaMicalaco,Lower,Pref,Upper,Pref,6.77,7.07,7.37
377,FallaCerroRocoso,Lower,Pref,Upper,Pref,6.37,6.67,6.97
378,FallaChascoso,Lower,Pref,Upper,Pref,6.0,6.3,6.6
379,FallaChololo,Lower,Pref,Upper,Pref,7.08,7.38,7.68
380,FallaChulibaya,Lower,Pref,Upper,Pref,6.22,6.52,6.82
381,FallaCupine-pampaTrapiche,Lower,Pref,Upper,Pref,7.29,7.59,7.89
382,FallaMesacalane,Lower,Pref,Upper,Pref,6.24,6.54,6.84
383,FallaTambo,Lower,Pref,Upper,Pref,6.93,7.23,7.53
384,FallaToquepala,Lower,Pref,Upper,Pref,7.02,7.32,7.62
385,ZonadefallasCarumas-Calacoa,Lower,Pref,Upper,Pref,7.09,7.39,7.69
386,ZonadefallasCoralaque,Lower,Pref,Upper,Pref,6.73,7.03,7.33
387,ZonadefallasHuaynaputina,Lower,Pref,Upper,Pref,6.81,7.11,7.41
388,ZonadefallasIchuna,Lower,Pref,Upper,Pref,7.24,7.54,7.84
389,ZonadefallasPastoGrande,Lower,Pref,Upper,Pref,7.0,7.3,7.6
390,ZonadefallasTicsani-Suches,Lower,Pref,Upper,Pref,6.87,7.17,7.47
391,FallaPurgatorio,Lower,Lower,Upper,Pref,6.91,7.21,7.51
392,FallaIncapuquio,Lower,Lower,Upper,Pref,7.15,7.45,7.75
393,FallaMicalaco,Lower,Lower,Upper,Pref,6.68,6.98,7.28
394,FallaCerroRocoso,Lower,Lower,Upper,Pref,6.28,6.58,6.88
395,FallaChascoso,Lower,Lower,Upper,Pref,5.9,6.2,6.5
396,FallaChololo,Lower,Lower,Upper,Pref,6.98,7.28,7.58
397,FallaChulibaya,Lower,Lower,Upper,Pref,6.12,6.42,6.72
398,FallaCupine-pampaTrapiche,Lower,Lower,Upper,Pref,7.19,7.49,7.79
399,FallaMesacalane,Lower,Lower,Upper,Pref,6.14,6.44,6.74
400,FallaTambo,Lower,Lower,Upper,Pref,6.84,7.14,7.44
401,FallaToquepala,Lower,Lower,Upper,Pref,6.93,7.23,7.53
402,ZonadefallasCarumas-Calacoa,Lower,Lower,Upper,Pref,6.99,7.29,7.59
403,ZonadefallasCoralaque,Lower,Lower,Upper,Pref,6.63,6.93,7.23
404,ZonadefallasHuaynaputina,Lower,Lower,Upper,Pref,6.71,7.01,7.31
405,ZonadefallasIchuna,Lower,Lower,Upper,Pref,7.15,7.45,7.75
406,ZonadefallasPastoGrande,Lower,Lower,Upper,Pref,6.91,7.21,7.51
407,ZonadefallasTicsani-Suches,Lower,Lower,Upper,Pref,6.77,7.07,7.37
408,FallaPurgatorio,Lower,Upper,Upper,Lower,7.08,7.38,7.68
409,FallaIncapuquio,Lower,Upper,Upper,Lower,7.33,7.63,7.93
410,FallaMicalaco,Lower,Upper,Upper,Lower,6.85,7.15,7.45
411,FallaCerroRocoso,Lower,Upper,Upper,Lower,6.45,6.75,7.05
412,FallaChascoso,Lower,Upper,Upper,Lower,6.08,6.38,6.68
413,FallaChololo,Lower,Upper,Upper,Lower,7.16,7.46,7.76
414,FallaChulibaya,Lower,Upper,Upper,Lower,6.3,6.6,6.9
415,FallaCupine-pampaTrapiche,Lower,Upper,Upper,Lower,7.37,7.67,7.97
416,FallaMesacalane,Lower,Upper,Upper,Lower,6.31,6.61,6.91
417,FallaTambo,Lower,Upper,Upper,Lower,7.01,7.31,7.61
418,FallaToquepala,Lower,Upper,Upper,Lower,7.1,7.4,7.7
419,ZonadefallasCarumas-Calacoa,Lower,Upper,Upper,Lower,7.17,7.47,7.77
420,ZonadefallasCoralaque,Lower,Upper,Upper,Lower,6.81,7.11,7.41
421,ZonadefallasHuaynaputina,Lower,Upper,Upper,Lower,6.89,7.19,7.49
422,ZonadefallasIchuna,Lower,Upper,Upper,Lower,7.32,7.62,7.92
423,ZonadefallasPastoGrande,Lower,Upper,Upper,Lower,7.08,7.38,7.68
424,ZonadefallasTicsani-Suches,Lower,Upper,Upper,Lower,6.95,7.25,7.55
425,FallaPurgatorio,Lower,Pref,Upper,Lower,7.0,7.3,7.6
426,FallaIncapuquio,Lower,Pref,Upper,Lower,7.25,7.55,7.85
427,FallaMicalaco,Lower,Pref,Upper,Lower,6.77,7.07,7.37
428,FallaCerroRocoso,Lower,Pref,Upper,Lower,6.37,6.67,6.97
429,FallaChascoso,Lower,Pref,Upper,Lower,6.0,6.3,6.6
430,FallaChololo,Lower,Pref,Upper,Lower,7.08,7.38,7.68
431,FallaChulibaya,Lower,Pref,Upper,Lower,6.22,6.52,6.82
432,FallaCupine-pampaTrapiche,Lower,Pref,Upper,Lower,7.29,7.59,7.89
433,FallaMesacalane,Lower,Pref,Upper,Lower,6.24,6.54,6.84
434,FallaTambo,Lower,Pref,Upper,Lower,6.93,7.23,7.53
435,FallaToquepala,Lower,Pref,Upper,Lower,7.02,7.32,7.62
436,ZonadefallasCarumas-Calacoa,Lower,Pref,Upper,Lower,7.09,7.39,7.69
437,ZonadefallasCoralaque,Lower,Pref,Upper,Lower,6.73,7.03,7.33
438,ZonadefallasHuaynaputina,Lower,Pref,Upper,Lower,6.81,7.11,7.41
439,ZonadefallasIchuna,Lower,Pref,Upper,Lower,7.24,7.54,7.84
440,ZonadefallasPastoGrande,Lower,Pref,Upper,Lower,7.0,7.3,7.6
441,ZonadefallasTicsani-Suches,Lower,Pref,Upper,Lower,6.87,7.17,7.47
442,FallaPurgatorio,Lower,Lower,Upper,Lower,6.91,7.21,7.51
443,FallaIncapuquio,Lower,Lower,Upper,Lower,7.15,7.45,7.75
444,FallaMicalaco,Lower,Lower,Upper,Lower,6.68,6.98,7.28
445,FallaCerroRocoso,Lower,Lower,Upper,Lower,6.28,6.58,6.88
446,FallaChascoso,Lower,Lower,Upper,Lower,5.9,6.2,6.5
447,FallaChololo,Lower,Lower,Upper,Lower,6.98,7.28,7.58
448,FallaChulibaya,Lower,Lower,Upper,Lower,6.12,6.42,6.72
449,FallaCupine-pampaTrapiche,Lower,Lower,Upper,Lower,7.19,7.49,7.79
450,FallaMesacalane,Lower,Lower,Upper,Lower,6.14,6.44,6.74
451,FallaTambo,Lower,Lower,Upper,Lower,6.84,7.14,7.44
452,FallaToquepala,Lower,Lower,Upper,Lower,6.93,7.23,7.53
453,ZonadefallasCarumas-Calacoa,Lower,Lower,Upper,Lower,6.99,7.29,7.59
454,ZonadefallasCoralaque,Lower,Lower,Upper,Lower,6.63,6.93,7.23
455,ZonadefallasHuaynaputina,Lower,Lower,Upper,Lower,6.71,7.01,7.31
456,ZonadefallasIchuna,Lower,Lower,Upper,Lower,7.15,7.45,7.75
457,ZonadefallasPastoGrande,Lower,Lower,Upper,Lower,6.91,7.21,7.51
458,ZonadefallasTicsani-Suches,Lower,Lower,Upper,Lower,6.77,7.07,7.37
459,FallaPurgatorio,Upper,Upper,Pref,Upper,7.05,7.35,7.65
460,FallaIncapuquio,Upper,Upper,Pref,Upper,7.22,7.52,7.82
461,FallaMicalaco,Upper,Upper,Pref,Upper,6.83,7.13,7.43
462,FallaCerroRocoso,Upper,Upper,Pref,Upper,6.4,6.7,7.0
463,FallaChascoso,Upper,Upper,Pref,Upper,6.02,6.32,6.62
464,FallaChololo,Upper,Upper,Pref,Upper,7.07,7.37,7.67
465,FallaChulibaya,Upper,Upper,Pref,Upper,6.25,6.55,6.85
466,FallaCupine-pampaTrapiche,Upper,Upper,Pref,Upper,7.28,7.58,7.88
467,FallaMesacalane,Upper,Upper,Pref,Upper,6.25,6.55,6.85
468,FallaTambo,Upper,Upper,Pref,Upper,6.94,7.24,7.54
469,FallaToquepala,Upper,Upper,Pref,Upper,7.08,7.38,7.68
470,ZonadefallasCarumas-Calacoa,Upper,Upper,Pref,Upper,7.1,7.4,7.7
471,ZonadefallasCoralaque,Upper,Upper,Pref,Upper,6.74,7.04,7.34
472,ZonadefallasHuaynaputina,Upper,Upper,Pref,Upper,6.82,7.12,7.42
473,ZonadefallasIchuna,Upper,Upper,Pref,Upper,7.26,7.56,7.86
474,ZonadefallasPastoGrande,Upper,Upper,Pref,Upper,7.02,7.32,7.62
475,ZonadefallasTicsani-Suches,Upper,Upper,Pref,Upper,6.88,7.18,7.48
476,FallaPurgatorio,Upper,Pref,Pref,Upper,6.97,7.27,7.57
477,FallaIncapuquio,Upper,Pref,Pref,Upper,7.14,7.44,7.74
478,FallaMicalaco,Upper,Pref,Pref,Upper,6.75,7.05,7.35
479,FallaCerroRocoso,Upper,Pref,Pref,Upper,6.32,6.62,6.92
480,FallaChascoso,Upper,Pref,Pref,Upper,5.94,6.24,6.54
481,FallaChololo,Upper,Pref,Pref,Upper,6.99,7.29,7.59
482,FallaChulibaya,Upper,Pref,Pref,Upper,6.17,6.47,6.77
483,FallaCupine-pampaTrapiche,Upper,Pref,Pref,Upper,7.2,7.5,7.8
484,FallaMesacalane,Upper,Pref,Pref,Upper,6.17,6.47,6.77
485,FallaTambo,Upper,Pref,Pref,Upper,6.87,7.17,7.47
486,FallaToquepala,Upper,Pref,Pref,Upper,7.0,7.3,7.6
487,ZonadefallasCarumas-Calacoa,Upper,Pref,Pref,Upper,7.02,7.32,7.62
488,ZonadefallasCoralaque,Upper,Pref,Pref,Upper,6.67,6.97,7.27
489,ZonadefallasHuaynaputina,Upper,Pref,Pref,Upper,6.74,7.04,7.34
490,ZonadefallasIchuna,Upper,Pref,Pref,Upper,7.18,7.48,7.78
491,ZonadefallasPastoGrande,Upper,Pref,Pref,Upper,6.94,7.24,7.54
492,ZonadefallasTicsani-Suches,Upper,Pref,Pref,Upper,6.8,7.1,7.4
493,FallaPurgatorio,Upper,Lower,Pref,Upper,6.87,7.17,7.47
494,FallaIncapuquio,Upper,Lower,Pref,Upper,7.04,7.34,7.64
495,FallaMicalaco,Upper,Lower,Pref,Upper,6.66,6.96,7.26
496,FallaCerroRocoso,Upper,Lower,Pref,Upper,6.22,6.52,6.82
497,FallaChascoso,Upper,Lower,Pref,Upper,5.85,6.15,6.45
498,FallaChololo,Upper,Lower,Pref,Upper,6.89,7.19,7.49
499,FallaChulibaya,Upper,Lower,Pref,Upper,6.07,6.37,6.67
500,FallaCupine-pampaTrapiche,Upper,Lower,Pref,Upper,7.1,7.4,7.7
501,FallaMesacalane,Upper,Lower,Pref,Upper,6.07,6.37,6.67
502,FallaTambo,Upper,Lower,Pref,Upper,6.77,7.07,7.37
503,FallaToquepala,Upper,Lower,Pref,Upper,6.91,7.21,7.51
504,ZonadefallasCarumas-Calacoa,Upper,Lower,Pref,Upper,6.93,7.23,7.53
505,ZonadefallasCoralaque,Upper,Lower,Pref,Upper,6.57,6.87,7.17
506,ZonadefallasHuaynaputina,Upper,Lower,Pref,Upper,6.64,6.94,7.24
507,ZonadefallasIchuna,Upper,Lower,Pref,Upper,7.08,7.38,7.68
508,ZonadefallasPastoGrande,Upper,Lower,Pref,Upper,6.84,7.14,7.44
509,ZonadefallasTicsani-Suches,Upper,Lower,Pref,Upper,6.71,7.01,7.31
510,FallaPurgatorio,Upper,Upper,Pref,Pref,7.05,7.35,7.65
511,FallaIncapuquio,Upper,Upper,Pref,Pref,7.22,7.52,7.82
512,FallaMicalaco,Upper,Upper,Pref,Pref,6.83,7.13,7.43
513,FallaCerroRocoso,Upper,Upper,Pref,Pref,6.4,6.7,7.0
514,FallaChascoso,Upper,Upper,Pref,Pref,6.02,6.32,6.62
515,FallaChololo,Upper,Upper,Pref,Pref,7.07,7.37,7.67
516,FallaChulibaya,Upper,Upper,Pref,Pref,6.25,6.55,6.85
517,FallaCupine-pampaTrapiche,Upper,Upper,Pref,Pref,7.28,7.58,7.88
518,FallaMesacalane,Upper,Upper,Pref,Pref,6.25,6.55,6.85
519,FallaTambo,Upper,Upper,Pref,Pref,6.94,7.24,7.54
520,FallaToquepala,Upper,Upper,Pref,Pref,7.08,7.38,7.68
521,ZonadefallasCarumas-Calacoa,Upper,Upper,Pref,Pref,7.1,7.4,7.7
522,ZonadefallasCoralaque,Upper,Upper,Pref,Pref,6.74,7.04,7.34
523,ZonadefallasHuaynaputina,Upper,Upper,Pref,Pref,6.82,7.12,7.42
524,ZonadefallasIchuna,Upper,Upper,Pref,Pref,7.26,7.56,7.86
525,ZonadefallasPastoGrande,Upper,Upper,Pref,Pref,7.02,7.32,7.62
526,ZonadefallasTicsani-Suches,Upper,Upper,Pref,Pref,6.88,7.18,7.48
527,FallaPurgatorio,Upper,Pref,Pref,Pref,6.97,7.27,7.57
528,FallaIncapuquio,Upper,Pref,Pref,Pref,7.14,7.44,7.74
529,FallaMicalaco,Upper,Pref,Pref,Pref,6.75,7.05,7.35
530,FallaCerroRocoso,Upper,Pref,Pref,Pref,6.32,6.62,6.92
531,FallaChascoso,Upper,Pref,Pref,Pref,5.94,6.24,6.54
532,FallaChololo,Upper,Pref,Pref,Pref,6.99,7.29,7.59
533,FallaChulibaya,Upper,Pref,Pref,Pref,6.17,6.47,6.77
534,FallaCupine-pampaTrapiche,Upper,Pref,Pref,Pref,7.2,7.5,7.8
535,FallaMesacalane,Upper,Pref,Pref,Pref,6.17,6.47,6.77
536,FallaTambo,Upper,Pref,Pref,Pref,6.87,7.17,7.47
537,FallaToquepala,Upper,Pref,Pref,Pref,7.0,7.3,7.6
538,ZonadefallasCarumas-Calacoa,Upper,Pref,Pref,Pref,7.02,7.32,7.62
539,ZonadefallasCoralaque,Upper,Pref,Pref,Pref,6.67,6.97,7.27
540,ZonadefallasHuaynaputina,Upper,Pref,Pref,Pref,6.74,7.04,7.34
541,ZonadefallasIchuna,Upper,Pref,Pref,Pref,7.18,7.48,7.78
542,ZonadefallasPastoGrande,Upper,Pref,Pref,Pref,6.94,7.24,7.54
543,ZonadefallasTicsani-Suches,Upper,Pref,Pref,Pref,6.8,7.1,7.4
544,FallaPurgatorio,Upper,Lower,Pref,Pref,6.87,7.17,7.47
545,FallaIncapuquio,Upper,Lower,Pref,Pref,7.04,7.34,7.64
546,FallaMicalaco,Upper,Lower,Pref,Pref,6.66,6.96,7.26
547,FallaCerroRocoso,Upper,Lower,Pref,Pref,6.22,6.52,6.82
548,FallaChascoso,Upper,Lower,Pref,Pref,5.85,6.15,6.45
549,FallaChololo,Upper,Lower,Pref,Pref,6.89,7.19,7.49
550,FallaChulibaya,Upper,Lower,Pref,Pref,6.07,6.37,6.67
551,FallaCupine-pampaTrapiche,Upper,Lower,Pref,Pref,7.1,7.4,7.7
552,FallaMesacalane,Upper,Lower,Pref,Pref,6.07,6.37,6.67
553,FallaTambo,Upper,Lower,Pref,Pref,6.77,7.07,7.37
554,FallaToquepala,Upper,Lower,Pref,Pref,6.91,7.21,7.51
555,ZonadefallasCarumas-Calacoa,Upper,Lower,Pref,Pref,6.93,7.23,7.53
556,ZonadefallasCoralaque,Upper,Lower,Pref,Pref,6.57,6.87,7.17
557,ZonadefallasHuaynaputina,Upper,Lower,Pref,Pref,6.64,6.94,7.24
558,ZonadefallasIchuna,Upper,Lower,Pref,Pref,7.08,7.38,7.68
559,ZonadefallasPastoGrande,Upper,Lower,Pref,Pref,6.84,7.14,7.44
560,ZonadefallasTicsani-Suches,Upper,Lower,Pref,Pref,6.71,7.01,7.31
561,FallaPurgatorio,Upper,Upper,Pref,Lower,7.05,7.35,7.65
562,FallaIncapuquio,Upper,Upper,Pref,Lower,7.22,7.52,7.82
563,FallaMicalaco,Upper,Upper,Pref,Lower,6.83,7.13,7.43
564,FallaCerroRocoso,Upper,Upper,Pref,Lower,6.4,6.7,7.0
565,FallaChascoso,Upper,Upper,Pref,Lower,6.02,6.32,6.62
566,FallaChololo,Upper,Upper,Pref,Lower,7.07,7.37,7.67
567,FallaChulibaya,Upper,Upper,Pref,Lower,6.25,6.55,6.85
568,FallaCupine-pampaTrapiche,Upper,Upper,Pref,Lower,7.28,7.58,7.88
569,FallaMesacalane,Upper,Upper,Pref,Lower,6.25,6.55,6.85
570,FallaTambo,Upper,Upper,Pref,Lower,6.94,7.24,7.54
571,FallaToquepala,Upper,Upper,Pref,Lower,7.08,7.38,7.68
572,ZonadefallasCarumas-Calacoa,Upper,Upper,Pref,Lower,7.1,7.4,7.7
573,ZonadefallasCoralaque,Upper,Upper,Pref,Lower,6.74,7.04,7.34
574,ZonadefallasHuaynaputina,Upper,Upper,Pref,Lower,6.82,7.12,7.42
575,ZonadefallasIchuna,Upper,Upper,Pref,Lower,7.26,7.56,7.86
576,ZonadefallasPastoGrande,Upper,Upper,Pref,Lower,7.02,7.32,7.62
577,ZonadefallasTicsani-Suches,Upper,Upper,Pref,Lower,6.88,7.18,7.48
578,FallaPurgatorio,Upper,Pref,Pref,Lower,6.97,7.27,7.57
579,FallaIncapuquio,Upper,Pref,Pref,Lower,7.14,7.44,7.74
580,FallaMicalaco,Upper,Pref,Pref,Lower,6.75,7.05,7.35
581,FallaCerroRocoso,Upper,Pref,Pref,Lower,6.32,6.62,6.92
582,FallaChascoso,Upper,Pref,Pref,Lower,5.94,6.24,6.54
583,FallaChololo,Upper,Pref,Pref,Lower,6.99,7.29,7.59
584,FallaChulibaya,Upper,Pref,Pref,Lower,6.17,6.47,6.77
585,FallaCupine-pampaTrapiche,Upper,Pref,Pref,Lower,7.2,7.5,7.8
586,FallaMesacalane,Upper,Pref,Pref,Lower,6.17,6.47,6.77
587,FallaTambo,Upper,Pref,Pref,Lower,6.87,7.17,7.47
588,FallaToquepala,Upper,Pref,Pref,Lower,7.0,7.3,7.6
589,ZonadefallasCarumas-Calacoa,Upper,Pref,Pref,Lower,7.02,7.32,7.62
590,ZonadefallasCoralaque,Upper,Pref,Pref,Lower,6.67,6.97,7.27
591,ZonadefallasHuaynaputina,Upper,Pref,Pref,Lower,6.74,7.04,7.34
592,ZonadefallasIchuna,Upper,Pref,Pref,Lower,7.18,7.48,7.78
593,ZonadefallasPastoGrande,Upper,Pref,Pref,Lower,6.94,7.24,7.54
594,ZonadefallasTicsani-Suches,Upper,Pref,Pref,Lower,6.8,7.1,7.4
595,FallaPurgatorio,Upper,Lower,Pref,Lower,6.87,7.17,7.47
596,FallaIncapuquio,Upper,Lower,Pref,Lower,7.04,7.34,7.64
597,FallaMicalaco,Upper,Lower,Pref,Lower,6.66,6.96,7.26
598,FallaCerroRocoso,Upper,Lower,Pref,Lower,6.22,6.52,6.82
599,FallaChascoso,Upper,Lower,Pref,Lower,5.85,6.15,6.45
600,FallaChololo,Upper,Lower,Pref,Lower,6.89,7.19,7.49
601,FallaChulibaya,Upper,Lower,Pref,Lower,6.07,6.37,6.67
602,FallaCupine-pampaTrapiche,Upper,Lower,Pref,Lower,7.1,7.4,7.7
603,FallaMesacalane,Upper,Lower,Pref,Lower,6.07,6.37,6.67
604,FallaTambo,Upper,Lower,Pref,Lower,6.77,7.07,7.37
605,FallaToquepala,Upper,Lower,Pref,Lower,6.91,7.21,7.51
606,ZonadefallasCarumas-Calacoa,Upper,Lower,Pref,Lower,6.93,7.23,7.53
607,ZonadefallasCoralaque,Upper,Lower,Pref,Lower,6.57,6.87,7.17
608,ZonadefallasHuaynaputina,Upper,Lower,Pref,Lower,6.64,6.94,7.24
609,ZonadefallasIchuna,Upper,Lower,Pref,Lower,7.08,7.38,7.68
610,ZonadefallasPastoGrande,Upper,Lower,Pref,Lower,6.84,7.14,7.44
611,ZonadefallasTicsani-Suches,Upper,Lower,Pref,Lower,6.71,7.01,7.31
612,FallaPurgatorio,Pref,Upper,Pref,Upper,7.05,7.35,7.65
613,FallaIncapuquio,Pref,Upper,Pref,Upper,7.22,7.52,7.82
614,FallaMicalaco,Pref,Upper,Pref,Upper,6.83,7.13,7.43
615,FallaCerroRocoso,Pref,Upper,Pref,Upper,6.4,6.7,7.0
616,FallaChascoso,Pref,Upper,Pref,Upper,6.02,6.32,6.62
617,FallaChololo,Pref,Upper,Pref,Upper,7.07,7.37,7.67
618,FallaChulibaya,Pref,Upper,Pref,Upper,6.25,6.55,6.85
619,FallaCupine-pampaTrapiche,Pref,Upper,Pref,Upper,7.28,7.58,7.88
620,FallaMesacalane,Pref,Upper,Pref,Upper,6.25,6.55,6.85
621,FallaTambo,Pref,Upper,Pref,Upper,6.94,7.24,7.54
622,FallaToquepala,Pref,Upper,Pref,Upper,7.08,7.38,7.68
623,ZonadefallasCarumas-Calacoa,Pref,Upper,Pref,Upper,7.1,7.4,7.7
624,ZonadefallasCoralaque,Pref,Upper,Pref,Upper,6.74,7.04,7.34
625,ZonadefallasHuaynaputina,Pref,Upper,Pref,Upper,6.82,7.12,7.42
626,ZonadefallasIchuna,Pref,Upper,Pref,Upper,7.26,7.56,7.86
627,ZonadefallasPastoGrande,Pref,Upper,Pref,Upper,7.02,7.32,7.62
628,ZonadefallasTicsani-Suches,Pref,Upper,Pref,Upper,6.88,7.18,7.48
629,FallaPurgatorio,Pref,Pref,Pref,Upper,6.97,7.27,7.57
630,FallaIncapuquio,Pref,Pref,Pref,Upper,7.14,7.44,7.74
631,FallaMicalaco,Pref,Pref,Pref,Upper,6.75,7.05,7.35
632,FallaCerroRocoso,Pref,Pref,Pref,Upper,6.32,6.62,6.92
633,FallaChascoso,Pref,Pref,Pref,Upper,5.94,6.24,6.54
634,FallaChololo,Pref,Pref,Pref,Upper,6.99,7.29,7.59
635,FallaChulibaya,Pref,Pref,Pref,Upper,6.17,6.47,6.77
636,FallaCupine-pampaTrapiche,Pref,Pref,Pref,Upper,7.2,7.5,7.8
637,FallaMesacalane,Pref,Pref,Pref,Upper,6.17,6.47,6.77
638,FallaTambo,Pref,Pref,Pref,Upper,6.87,7.17,7.47
639,FallaToquepala,Pref,Pref,Pref,Upper,7.0,7.3,7.6
640,ZonadefallasCarumas-Calacoa,Pref,Pref,Pref,Upper,7.02,7.32,7.62
641,ZonadefallasCoralaque,Pref,Pref,Pref,Upper,6.67,6.97,7.27
642,ZonadefallasHuaynaputina,Pref,Pref,Pref,Upper,6.74,7.04,7.34
643,ZonadefallasIchuna,Pref,Pref,Pref,Upper,7.18,7.48,7.78
644,ZonadefallasPastoGrande,Pref,Pref,Pref,Upper,6.94,7.24,7.54
645,ZonadefallasTicsani-Suches,Pref,Pref,Pref,Upper,6.8,7.1,7.4
646,FallaPurgatorio,Pref,Lower,Pref,Upper,6.87,7.17,7.47
647,FallaIncapuquio,Pref,Lower,Pref,Upper,7.04,7.34,7.64
648,FallaMicalaco,Pref,Lower,Pref,Upper,6.66,6.96,7.26
649,FallaCerroRocoso,Pref,Lower,Pref,Upper,6.22,6.52,6.82
650,FallaChascoso,Pref,Lower,Pref,Upper,5.85,6.15,6.45
651,FallaChololo,Pref,Lower,Pref,Upper,6.89,7.19,7.49
652,FallaChulibaya,Pref,Lower,Pref,Upper,6.07,6.37,6.67
653,FallaCupine-pampaTrapiche,Pref,Lower,Pref,Upper,7.1,7.4,7.7
654,FallaMesacalane,Pref,Lower,Pref,Upper,6.07,6.37,6.67
655,FallaTambo,Pref,Lower,Pref,Upper,6.77,7.07,7.37
656,FallaToquepala,Pref,Lower,Pref,Upper,6.91,7.21,7.51
657,ZonadefallasCarumas-Calacoa,Pref,Lower,Pref,Upper,6.93,7.23,7.53
658,ZonadefallasCoralaque,Pref,Lower,Pref,Upper,6.57,6.87,7.17
659,ZonadefallasHuaynaputina,Pref,Lower,Pref,Upper,6.64,6.94,7.24
660,ZonadefallasIchuna,Pref,Lower,Pref,Upper,7.08,7.38,7.68
661,ZonadefallasPastoGrande,Pref,Lower,Pref,Upper,6.84,7.14,7.44
662,ZonadefallasTicsani-Suches,Pref,Lower,Pref,Upper,6.71,7.01,7.31
663,FallaPurgatorio,Pref,Upper,Pref,Pref,7.05,7.35,7.65
664,FallaIncapuquio,Pref,Upper,Pref,Pref,7.22,7.52,7.82
665,FallaMicalaco,Pref,Upper,Pref,Pref,6.83,7.13,7.43
666,FallaCerroRocoso,Pref,Upper,Pref,Pref,6.4,6.7,7.0
667,FallaChascoso,Pref,Upper,Pref,Pref,6.02,6.32,6.62
668,FallaChololo,Pref,Upper,Pref,Pref,7.07,7.37,7.67
669,FallaChulibaya,Pref,Upper,Pref,Pref,6.25,6.55,6.85
670,FallaCupine-pampaTrapiche,Pref,Upper,Pref,Pref,7.28,7.58,7.88
671,FallaMesacalane,Pref,Upper,Pref,Pref,6.25,6.55,6.85
672,FallaTambo,Pref,Upper,Pref,Pref,6.94,7.24,7.54
673,FallaToquepala,Pref,Upper,Pref,Pref,7.08,7.38,7.68
674,ZonadefallasCarumas-Calacoa,Pref,Upper,Pref,Pref,7.1,7.4,7.7
675,ZonadefallasCoralaque,Pref,Upper,Pref,Pref,6.74,7.04,7.34
676,ZonadefallasHuaynaputina,Pref,Upper,Pref,Pref,6.82,7.12,7.42
677,ZonadefallasIchuna,Pref,Upper,Pref,Pref,7.26,7.56,7.86
678,ZonadefallasPastoGrande,Pref,Upper,Pref,Pref,7.02,7.32,7.62
679,ZonadefallasTicsani-Suches,Pref,Upper,Pref,Pref,6.88,7.18,7.48
680,FallaPurgatorio,Pref,Pref,Pref,Pref,6.97,7.27,7.57
681,FallaIncapuquio,Pref,Pref,Pref,Pref,7.14,7.44,7.74
682,FallaMicalaco,Pref,Pref,Pref,Pref,6.75,7.05,7.35
683,FallaCerroRocoso,Pref,Pref,Pref,Pref,6.32,6.62,6.92
684,FallaChascoso,Pref,Pref,Pref,Pref,5.94,6.24,6.54
685,FallaChololo,Pref,Pref,Pref,Pref,6.99,7.29,7.59
686,FallaChulibaya,Pref,Pref,Pref,Pref,6.17,6.47,6.77
687,FallaCupine-pampaTrapiche,Pref,Pref,Pref,Pref,7.2,7.5,7.8
688,FallaMesacalane,Pref,Pref,Pref,Pref,6.17,6.47,6.77
689,FallaTambo,Pref,Pref,Pref,Pref,6.87,7.17,7.47
690,FallaToquepala,Pref,Pref,Pref,Pref,7.0,7.3,7.6
691,ZonadefallasCarumas-Calacoa,Pref,Pref,Pref,Pref,7.02,7.32,7.62
692,ZonadefallasCoralaque,Pref,Pref,Pref,Pref,6.67,6.97,7.27
693,ZonadefallasHuaynaputina,Pref,Pref,Pref,Pref,6.74,7.04,7.34
694,ZonadefallasIchuna,Pref,Pref,Pref,Pref,7.18,7.48,7.78
695,ZonadefallasPastoGrande,Pref,Pref,Pref,Pref,6.94,7.24,7.54
696,ZonadefallasTicsani-Suches,Pref,Pref,Pref,Pref,6.8,7.1,7.4
697,FallaPurgatorio,Pref,Lower,Pref,Pref,6.87,7.17,7.47
698,FallaIncapuquio,Pref,Lower,Pref,Pref,7.04,7.34,7.64
699,FallaMicalaco,Pref,Lower,Pref,Pref,6.66,6.96,7.26
700,FallaCerroRocoso,Pref,Lower,Pref,Pref,6.22,6.52,6.82
701,FallaChascoso,Pref,Lower,Pref,Pref,5.85,6.15,6.45
702,FallaChololo,Pref,Lower,Pref,Pref,6.89,7.19,7.49
703,FallaChulibaya,Pref,Lower,Pref,Pref,6.07,6.37,6.67
704,FallaCupine-pampaTrapiche,Pref,Lower,Pref,Pref,7.1,7.4,7.7
705,FallaMesacalane,Pref,Lower,Pref,Pref,6.07,6.37,6.67
706,FallaTambo,Pref,Lower,Pref,Pref,6.77,7.07,7.37
707,FallaToquepala,Pref,Lower,Pref,Pref,6.91,7.21,7.51
708,ZonadefallasCarumas-Calacoa,Pref,Lower,Pref,Pref,6.93,7.23,7.53
709,ZonadefallasCoralaque,Pref,Lower,Pref,Pref,6.57,6.87,7.17
710,ZonadefallasHuaynaputina,Pref,Lower,Pref,Pref,6.64,6.94,7.24
711,ZonadefallasIchuna,Pref,Lower,Pref,Pref,7.08,7.38,7.68
712,ZonadefallasPastoGrande,Pref,Lower,Pref,Pref,6.84,7.14,7.44
713,ZonadefallasTicsani-Suches,Pref,Lower,Pref,Pref,6.71,7.01,7.31
714,FallaPurgatorio,Pref,Upper,Pref,Lower,7.05,7.35,7.65
715,FallaIncapuquio,Pref,Upper,Pref,Lower,7.22,7.52,7.82
716,FallaMicalaco,Pref,Upper,Pref,Lower,6.83,7.13,7.43
717,FallaCerroRocoso,Pref,Upper,Pref,Lower,6.4,6.7,7.0
718,FallaChascoso,Pref,Upper,Pref,Lower,6.02,6.32,6.62
719,FallaChololo,Pref,Upper,Pref,Lower,7.07,7.37,7.67
720,FallaChulibaya,Pref,Upper,Pref,Lower,6.25,6.55,6.85
721,FallaCupine-pampaTrapiche,Pref,Upper,Pref,Lower,7.28,7.58,7.88
722,FallaMesacalane,Pref,Upper,Pref,Lower,6.25,6.55,6.85
723,FallaTambo,Pref,Upper,Pref,Lower,6.94,7.24,7.54
724,FallaToquepala,Pref,Upper,Pref,Lower,7.08,7.38,7.68
725,ZonadefallasCarumas-Calacoa,Pref,Upper,Pref,Lower,7.1,7.4,7.7
726,ZonadefallasCoralaque,Pref,Upper,Pref,Lower,6.74,7.04,7.34
727,ZonadefallasHuaynaputina,Pref,Upper,Pref,Lower,6.82,7.12,7.42
728,ZonadefallasIchuna,Pref,Upper,Pref,Lower,7.26,7.56,7.86
729,ZonadefallasPastoGrande,Pref,Upper,Pref,Lower,7.02,7.32,7.62
730,ZonadefallasTicsani-Suches,Pref,Upper,Pref,Lower,6.88,7.18,7.48
731,FallaPurgatorio,Pref,Pref,Pref,Lower,6.97,7.27,7.57
732,FallaIncapuquio,Pref,Pref,Pref,Lower,7.14,7.44,7.74
733,FallaMicalaco,Pref,Pref,Pref,Lower,6.75,7.05,7.35
734,FallaCerroRocoso,Pref,Pref,Pref,Lower,6.32,6.62,6.92
735,FallaChascoso,Pref,Pref,Pref,Lower,5.94,6.24,6.54
736,FallaChololo,Pref,Pref,Pref,Lower,6.99,7.29,7.59
737,FallaChulibaya,Pref,Pref,Pref,Lower,6.17,6.47,6.77
738,FallaCupine-pampaTrapiche,Pref,Pref,Pref,Lower,7.2,7.5,7.8
739,FallaMesacalane,Pref,Pref,Pref,Lower,6.17,6.47,6.77
740,FallaTambo,Pref,Pref,Pref,Lower,6.87,7.17,7.47
741,FallaToquepala,Pref,Pref,Pref,Lower,7.0,7.3,7.6
742,ZonadefallasCarumas-Calacoa,Pref,Pref,Pref,Lower,7.02,7.32,7.62
743,ZonadefallasCoralaque,Pref,Pref,Pref,Lower,6.67,6.97,7.27
744,ZonadefallasHuaynaputina,Pref,Pref,Pref,Lower,6.74,7.04,7.34
745,ZonadefallasIchuna,Pref,Pref,Pref,Lower,7.18,7.48,7.78
746,ZonadefallasPastoGrande,Pref,Pref,Pref,Lower,6.94,7.24,7.54
747,ZonadefallasTicsani-Suches,Pref,Pref,Pref,Lower,6.8,7.1,7.4
748,FallaPurgatorio,Pref,Lower,Pref,Lower,6.87,7.17,7.47
749,FallaIncapuquio,Pref,Lower,Pref,Lower,7.04,7.34,7.64
750,FallaMicalaco,Pref,Lower,Pref,Lower,6.66,6.96,7.26
751,FallaCerroRocoso,Pref,Lower,Pref,Lower,6.22,6.52,6.82
752,FallaChascoso,Pref,Lower,Pref,Lower,5.85,6.15,6.45
753,FallaChololo,Pref,Lower,Pref,Lower,6.89,7.19,7.49
754,FallaChulibaya,Pref,Lower,Pref,Lower,6.07,6.37,6.67
755,FallaCupine-pampaTrapiche,Pref,Lower,Pref,Lower,7.1,7.4,7.7
756,FallaMesacalane,Pref,Lower,Pref,Lower,6.07,6.37,6.67
757,FallaTambo,Pref,Lower,Pref,Lower,6.77,7.07,7.37
758,FallaToquepala,Pref,Lower,Pref,Lower,6.91,7.21,7.51
759,ZonadefallasCarumas-Calacoa,Pref,Lower,Pref,Lower,6.93,7.23,7.53
760,ZonadefallasCoralaque,Pref,Lower,Pref,Lower,6.57,6.87,7.17
761,ZonadefallasHuaynaputina,Pref,Lower,Pref,Lower,6.64,6.94,7.24
762,ZonadefallasIchuna,Pref,Lower,Pref,Lower,7.08,7.38,7.68
763,ZonadefallasPastoGrande,Pref,Lower,Pref,Lower,6.84,7.14,7.44
764,ZonadefallasTicsani-Suches,Pref,Lower,Pref,Lower,6.71,7.01,7.31
765,FallaPurgatorio,Lower,Upper,Pref,Upper,7.05,7.35,7.65
766,FallaIncapuquio,Lower,Upper,Pref,Upper,7.22,7.52,7.82
767,FallaMicalaco,Lower,Upper,Pref,Upper,6.83,7.13,7.43
768,FallaCerroRocoso,Lower,Upper,Pref,Upper,6.4,6.7,7.0
769,FallaChascoso,Lower,Upper,Pref,Upper,6.02,6.32,6.62
770,FallaChololo,Lower,Upper,Pref,Upper,7.07,7.37,7.67
771,FallaChulibaya,Lower,Upper,Pref,Upper,6.25,6.55,6.85
772,FallaCupine-pampaTrapiche,Lower,Upper,Pref,Upper,7.28,7.58,7.88
773,FallaMesacalane,Lower,Upper,Pref,Upper,6.25,6.55,6.85
774,FallaTambo,Lower,Upper,Pref,Upper,6.94,7.24,7.54
775,FallaToquepala,Lower,Upper,Pref,Upper,7.08,7.38,7.68
776,ZonadefallasCarumas-Calacoa,Lower,Upper,Pref,Upper,7.1,7.4,7.7
777,ZonadefallasCoralaque,Lower,Upper,Pref,Upper,6.74,7.04,7.34
778,ZonadefallasHuaynaputina,Lower,Upper,Pref,Upper,6.82,7.12,7.42
779,ZonadefallasIchuna,Lower,Upper,Pref,Upper,7.26,7.56,7.86
780,ZonadefallasPastoGrande,Lower,Upper,Pref,Upper,7.02,7.32,7.62
781,ZonadefallasTicsani-Suches,Lower,Upper,Pref,Upper,6.88,7.18,7.48
782,FallaPurgatorio,Lower,Pref,Pref,Upper,6.97,7.27,7.57
783,FallaIncapuquio,Lower,Pref,Pref,Upper,7.14,7.44,7.74
784,FallaMicalaco,Lower,Pref,Pref,Upper,6.75,7.05,7.35
785,FallaCerroRocoso,Lower,Pref,Pref,Upper,6.32,6.62,6.92
786,FallaChascoso,Lower,Pref,Pref,Upper,5.94,6.24,6.54
787,FallaChololo,Lower,Pref,Pref,Upper,6.99,7.29,7.59
788,FallaChulibaya,Lower,Pref,Pref,Upper,6.17,6.47,6.77
789,FallaCupine-pampaTrapiche,Lower,Pref,Pref,Upper,7.2,7.5,7.8
790,FallaMesacalane,Lower,Pref,Pref,Upper,6.17,6.47,6.77
791,FallaTambo,Lower,Pref,Pref,Upper,6.87,7.17,7.47
792,FallaToquepala,Lower,Pref,Pref,Upper,7.0,7.3,7.6
793,ZonadefallasCarumas-Calacoa,Lower,Pref,Pref,Upper,7.02,7.32,7.62
794,ZonadefallasCoralaque,Lower,Pref,Pref,Upper,6.67,6.97,7.27
795,ZonadefallasHuaynaputina,Lower,Pref,Pref,Upper,6.74,7.04,7.34
796,ZonadefallasIchuna,Lower,Pref,Pref,Upper,7.18,7.48,7.78
797,ZonadefallasPastoGrande,Lower,Pref,Pref,Upper,6.94,7.24,7.54
798,ZonadefallasTicsani-Suches,Lower,Pref,Pref,Upper,6.8,7.1,7.4
799,FallaPurgatorio,Lower,Lower,Pref,Upper,6.87,7.17,7.47
800,FallaIncapuquio,Lower,Lower,Pref,Upper,7.04,7.34,7.64
801,FallaMicalaco,Lower,Lower,Pref,Upper,6.66,6.96,7.26
802,FallaCerroRocoso,Lower,Lower,Pref,Upper,6.22,6.52,6.82
803,FallaChascoso,Lower,Lower,Pref,Upper,5.85,6.15,6.45
804,FallaChololo,Lower,Lower,Pref,Upper,6.89,7.19,7.49
805,FallaChulibaya,Lower,Lower,Pref,Upper,6.07,6.37,6.67
806,FallaCupine-pampaTrapiche,Lower,Lower,Pref,Upper,7.1,7.4,7.7
807,FallaMesacalane,Lower,Lower,Pref,Upper,6.07,6.37,6.67
808,FallaTambo,Lower,Lower,Pref,Upper,6.77,7.07,7.37
809,FallaToquepala,Lower,Lower,Pref,Upper,6.91,7.21,7.51
810,ZonadefallasCarumas-Calacoa,Lower,Lower,Pref,Upper,6.93,7.23,7.53
811,ZonadefallasCoralaque,Lower,Lower,Pref,Upper,6.57,6.87,7.17
812,ZonadefallasHuaynaputina,Lower,Lower,Pref,Upper,6.64,6.94,7.24
813,ZonadefallasIchuna,Lower,Lower,Pref,Upper,7.08,7.38,7.68
814,ZonadefallasPastoGrande,Lower,Lower,Pref,Upper,6.84,7.14,7.44
815,ZonadefallasTicsani-Suches,Lower,Lower,Pref,Upper,6.71,7.01,7.31
816,FallaPurgatorio,Lower,Upper,Pref,Pref,7.05,7.35,7.65
817,FallaIncapuquio,Lower,Upper,Pref,Pref,7.22,7.52,7.82
818,FallaMicalaco,Lower,Upper,Pref,Pref,6.83,7.13,7.43
819,FallaCerroRocoso,Lower,Upper,Pref,Pref,6.4,6.7,7.0
820,FallaChascoso,Lower,Upper,Pref,Pref,6.02,6.32,6.62
821,FallaChololo,Lower,Upper,Pref,Pref,7.07,7.37,7.67
822,FallaChulibaya,Lower,Upper,Pref,Pref,6.25,6.55,6.85
823,FallaCupine-pampaTrapiche,Lower,Upper,Pref,Pref,7.28,7.58,7.88
824,FallaMesacalane,Lower,Upper,Pref,Pref,6.25,6.55,6.85
825,FallaTambo,Lower,Upper,Pref,Pref,6.94,7.24,7.54
826,FallaToquepala,Lower,Upper,Pref,Pref,7.08,7.38,7.68
827,ZonadefallasCarumas-Calacoa,Lower,Upper,Pref,Pref,7.1,7.4,7.7
828,ZonadefallasCoralaque,Lower,Upper,Pref,Pref,6.74,7.04,7.34
829,ZonadefallasHuaynaputina,Lower,Upper,Pref,Pref,6.82,7.12,7.42
830,ZonadefallasIchuna,Lower,Upper,Pref,Pref,7.26,7.56,7.86
831,ZonadefallasPastoGrande,Lower,Upper,Pref,Pref,7.02,7.32,7.62
832,ZonadefallasTicsani-Suches,Lower,Upper,Pref,Pref,6.88,7.18,7.48
833,FallaPurgatorio,Lower,Pref,Pref,Pref,6.97,7.27,7.57
834,FallaIncapuquio,Lower,Pref,Pref,Pref,7.14,7.44,7.74
835,FallaMicalaco,Lower,Pref,Pref,Pref,6.75,7.05,7.35
836,FallaCerroRocoso,Lower,Pref,Pref,Pref,6.32,6.62,6.92
837,FallaChascoso,Lower,Pref,Pref,Pref,5.94,6.24,6.54
838,FallaChololo,Lower,Pref,Pref,Pref,6.99,7.29,7.59
839,FallaChulibaya,Lower,Pref,Pref,Pref,6.17,6.47,6.77
840,FallaCupine-pampaTrapiche,Lower,Pref,Pref,Pref,7.2,7.5,7.8
841,FallaMesacalane,Lower,Pref,Pref,Pref,6.17,6.47,6.77
842,FallaTambo,Lower,Pref,Pref,Pref,6.87,7.17,7.47
843,FallaToquepala,Lower,Pref,Pref,Pref,7.0,7.3,7.6
844,ZonadefallasCarumas-Calacoa,Lower,Pref,Pref,Pref,7.02,7.32,7.62
845,ZonadefallasCoralaque,Lower,Pref,Pref,Pref,6.67,6.97,7.27
846,ZonadefallasHuaynaputina,Lower,Pref,Pref,Pref,6.74,7.04,7.34
847,ZonadefallasIchuna,Lower,Pref,Pref,Pref,7.18,7.48,7.78
848,ZonadefallasPastoGrande,Lower,Pref,Pref,Pref,6.94,7.24,7.54
849,ZonadefallasTicsani-Suches,Lower,Pref,Pref,Pref,6.8,7.1,7.4
850,FallaPurgatorio,Lower,Lower,Pref,Pref,6.87,7.17,7.47
851,FallaIncapuquio,Lower,Lower,Pref,Pref,7.04,7.34,7.64
852,FallaMicalaco,Lower,Lower,Pref,Pref,6.66,6.96,7.26
853,FallaCerroRocoso,Lower,Lower,Pref,Pref,6.22,6.52,6.82
854,FallaChascoso,Lower,Lower,Pref,Pref,5.85,6.15,6.45
855,FallaChololo,Lower,Lower,Pref,Pref,6.89,7.19,7.49
856,FallaChulibaya,Lower,Lower,Pref,Pref,6.07,6.37,6.67
857,FallaCupine-pampaTrapiche,Lower,Lower,Pref,Pref,7.1,7.4,7.7
858,FallaMesacalane,Lower,Lower,Pref,Pref,6.07,6.37,6.67
859,FallaTambo,Lower,Lower,Pref,Pref,6.77,7.07,7.37
860,FallaToquepala,Lower,Lower,Pref,Pref,6.91,7.21,7.51
861,ZonadefallasCarumas-Calacoa,Lower,Lower,Pref,Pref,6.93,7.23,7.53
862,ZonadefallasCoralaque,Lower,Lower,Pref,Pref,6.57,6.87,7.17
863,ZonadefallasHuaynaputina,Lower,Lower,Pref,Pref,6.64,6.94,7.24
864,ZonadefallasIchuna,Lower,Lower,Pref,Pref,7.08,7.38,7.68
865,ZonadefallasPastoGrande,Lower,Lower,Pref,Pref,6.84,7.14,7.44
866,ZonadefallasTicsani-Suches,Lower,Lower,Pref,Pref,6.71,7.01,7.31
867,FallaPurgatorio,Lower,Upper,Pref,Lower,7.05,7.35,7.65
868,FallaIncapuquio,Lower,Upper,Pref,Lower,7.22,7.52,7.82
869,FallaMicalaco,Lower,Upper,Pref,Lower,6.83,7.13,7.43
870,FallaCerroRocoso,Lower,Upper,Pref,Lower,6.4,6.7,7.0
871,FallaChascoso,Lower,Upper,Pref,Lower,6.02,6.32,6.62
872,FallaChololo,Lower,Upper,Pref,Lower,7.07,7.37,7.67
873,FallaChulibaya,Lower,Upper,Pref,Lower,6.25,6.55,6.85
874,FallaCupine-pampaTrapiche,Lower,Upper,Pref,Lower,7.28,7.58,7.88
875,FallaMesacalane,Lower,Upper,Pref,Lower,6.25,6.55,6.85
876,FallaTambo,Lower,Upper,Pref,Lower,6.94,7.24,7.54
877,FallaToquepala,Lower,Upper,Pref,Lower,7.08,7.38,7.68
878,ZonadefallasCarumas-Calacoa,Lower,Upper,Pref,Lower,7.1,7.4,7.7
879,ZonadefallasCoralaque,Lower,Upper,Pref,Lower,6.74,7.04,7.34
880,ZonadefallasHuaynaputina,Lower,Upper,Pref,Lower,6.82,7.12,7.42
881,ZonadefallasIchuna,Lower,Upper,Pref,Lower,7.26,7.56,7.86
882,ZonadefallasPastoGrande,Lower,Upper,Pref,Lower,7.02,7.32,7.62
883,ZonadefallasTicsani-Suches,Lower,Upper,Pref,Lower,6.88,7.18,7.48
884,FallaPurgatorio,Lower,Pref,Pref,Lower,6.97,7.27,7.57
885,FallaIncapuquio,Lower,Pref,Pref,Lower,7.14,7.44,7.74
886,FallaMicalaco,Lower,Pref,Pref,Lower,6.75,7.05,7.35
887,FallaCerroRocoso,Lower,Pref,Pref,Lower,6.32,6.62,6.92
888,FallaChascoso,Lower,Pref,Pref,Lower,5.94,6.24,6.54
889,FallaChololo,Lower,Pref,Pref,Lower,6.99,7.29,7.59
890,FallaChulibaya,Lower,Pref,Pref,Lower,6.17,6.47,6.77
891,FallaCupine-pampaTrapiche,Lower,Pref,Pref,Lower,7.2,7.5,7.8
892,FallaMesacalane,Lower,Pref,Pref,Lower,6.17,6.47,6.77
893,FallaTambo,Lower,Pref,Pref,Lower,6.87,7.17,7.47
894,FallaToquepala,Lower,Pref,Pref,Lower,7.0,7.3,7.6
895,ZonadefallasCarumas-Calacoa,Lower,Pref,Pref,Lower,7.02,7.32,7.62
896,ZonadefallasCoralaque,Lower,Pref,Pref,Lower,6.67,6.97,7.27
897,ZonadefallasHuaynaputina,Lower,Pref,Pref,Lower,6.74,7.04,7.34
898,ZonadefallasIchuna,Lower,Pref,Pref,Lower,7.18,7.48,7.78
899,ZonadefallasPastoGrande,Lower,Pref,Pref,Lower,6.94,7.24,7.54
900,ZonadefallasTicsani-Suches,Lower,Pref,Pref,Lower,6.8,7.1,7.4
901,FallaPurgatorio,Lower,Lower,Pref,Lower,6.87,7.17,7.47
902,FallaIncapuquio,Lower,Lower,Pref,Lower,7.04,7.34,7.64
903,FallaMicalaco,Lower,Lower,Pref,Lower,6.66,6.96,7.26
904,FallaCerroRocoso,Lower,Lower,Pref,Lower,6.22,6.52,6.82
905,FallaChascoso,Lower,Lower,Pref,Lower,5.85,6.15,6.45
906,FallaChololo,Lower,Lower,Pref,Lower,6.89,7.19,7.49
907,FallaChulibaya,Lower,Lower,Pref,Lower,6.07,6.37,6.67
908,FallaCupine-pampaTrapiche,Lower,Lower,Pref,Lower,7.1,7.4,7.7
909,FallaMesacalane,Lower,Lower,Pref,Lower,6.07,6.37,6.67
910,FallaTambo,Lower,Lower,Pref,Lower,6.77,7.07,7.37
911,FallaToquepala,Lower,Lower,Pref,Lower,6.91,7.21,7.51
912,ZonadefallasCarumas-Calacoa,Lower,Lower,Pref,Lower,6.93,7.23,7.53
913,ZonadefallasCoralaque,Lower,Lower,Pref,Lower,6.57,6.87,7.17
914,ZonadefallasHuaynaputina,Lower,Lower,Pref,Lower,6.64,6.94,7.24
915,ZonadefallasIchuna,Lower,Lower,Pref,Lower,7.08,7.38,7.68
916,ZonadefallasPastoGrande,Lower,Lower,Pref,Lower,6.84,7.14,7.44
917,ZonadefallasTicsani-Suches,Lower,Lower,Pref,Lower,6.71,7.01,7.31
918,FallaPurgatorio,Upper,Upper,Lower,Upper,7.04,7.34,7.64
919,FallaIncapuquio,Upper,Upper,Lower,Upper,7.16,7.46,7.76
920,FallaMicalaco,Upper,Upper,Lower,Upper,6.82,7.12,7.42
921,FallaCerroRocoso,Upper,Upper,Lower,Upper,6.37,6.67,6.97
922,FallaChascoso,Upper,Upper,Lower,Upper,6.0,6.3,6.6
923,FallaChololo,Upper,Upper,Lower,Upper,7.04,7.34,7.64
924,FallaChulibaya,Upper,Upper,Lower,Upper,6.22,6.52,6.82
925,FallaCupine-pampaTrapiche,Upper,Upper,Lower,Upper,7.21,7.51,7.81
926,FallaMesacalane,Upper,Upper,Lower,Upper,6.21,6.51,6.81
927,FallaTambo,Upper,Upper,Lower,Upper,6.9,7.2,7.5
928,FallaToquepala,Upper,Upper,Lower,Upper,7.08,7.38,7.68
929,ZonadefallasCarumas-Calacoa,Upper,Upper,Lower,Upper,7.06,7.36,7.66
930,ZonadefallasCoralaque,Upper,Upper,Lower,Upper,6.7,7.0,7.3
931,ZonadefallasHuaynaputina,Upper,Upper,Lower,Upper,6.78,7.08,7.38
932,ZonadefallasIchuna,Upper,Upper,Lower,Upper,7.22,7.52,7.82
933,ZonadefallasPastoGrande,Upper,Upper,Lower,Upper,6.98,7.28,7.58
934,ZonadefallasTicsani-Suches,Upper,Upper,Lower,Upper,6.84,7.14,7.44
935,FallaPurgatorio,Upper,Pref,Lower,Upper,6.96,7.26,7.56
936,FallaIncapuquio,Upper,Pref,Lower,Upper,7.08,7.38,7.68
937,FallaMicalaco,Upper,Pref,Lower,Upper,6.75,7.05,7.35
938,FallaCerroRocoso,Upper,Pref,Lower,Upper,6.29,6.59,6.89
939,FallaChascoso,Upper,Pref,Lower,Upper,5.92,6.22,6.52
940,FallaChololo,Upper,Pref,Lower,Upper,6.96,7.26,7.56
941,FallaChulibaya,Upper,Pref,Lower,Upper,6.14,6.44,6.74
942,FallaCupine-pampaTrapiche,Upper,Pref,Lower,Upper,7.13,7.43,7.73
943,FallaMesacalane,Upper,Pref,Lower,Upper,6.13,6.43,6.73
944,FallaTambo,Upper,Pref,Lower,Upper,6.82,7.12,7.42
945,FallaToquepala,Upper,Pref,Lower,Upper,7.0,7.3,7.6
946,ZonadefallasCarumas-Calacoa,Upper,Pref,Lower,Upper,6.98,7.28,7.58
947,ZonadefallasCoralaque,Upper,Pref,Lower,Upper,6.62,6.92,7.22
948,ZonadefallasHuaynaputina,Upper,Pref,Lower,Upper,6.7,7.0,7.3
949,ZonadefallasIchuna,Upper,Pref,Lower,Upper,7.14,7.44,7.74
950,ZonadefallasPastoGrande,Upper,Pref,Lower,Upper,6.9,7.2,7.5
951,ZonadefallasTicsani-Suches,Upper,Pref,Lower,Upper,6.76,7.06,7.36
952,FallaPurgatorio,Upper,Lower,Lower,Upper,6.86,7.16,7.46
953,FallaIncapuquio,Upper,Lower,Lower,Upper,6.98,7.28,7.58
954,FallaMicalaco,Upper,Lower,Lower,Upper,6.65,6.95,7.25
955,FallaCerroRocoso,Upper,Lower,Lower,Upper,6.2,6.5,6.8
956,FallaChascoso,Upper,Lower,Lower,Upper,5.82,6.12,6.42
957,FallaChololo,Upper,Lower,Lower,Upper,6.86,7.16,7.46
958,FallaChulibaya,Upper,Lower,Lower,Upper,6.04,6.34,6.64
959,FallaCupine-pampaTrapiche,Upper,Lower,Lower,Upper,7.03,7.33,7.63
960,FallaMesacalane,Upper,Lower,Lower,Upper,6.03,6.33,6.63
961,FallaTambo,Upper,Lower,Lower,Upper,6.73,7.03,7.33
962,FallaToquepala,Upper,Lower,Lower,Upper,6.9,7.2,7.5
963,ZonadefallasCarumas-Calacoa,Upper,Lower,Lower,Upper,6.88,7.18,7.48
964,ZonadefallasCoralaque,Upper,Lower,Lower,Upper,6.53,6.83,7.13
965,ZonadefallasHuaynaputina,Upper,Lower,Lower,Upper,6.6,6.9,7.2
966,ZonadefallasIchuna,Upper,Lower,Lower,Upper,7.04,7.34,7.64
967,ZonadefallasPastoGrande,Upper,Lower,Lower,Upper,6.8,7.1,7.4
968,ZonadefallasTicsani-Suches,Upper,Lower,Lower,Upper,6.66,6.96,7.26
969,FallaPurgatorio,Upper,Upper,Lower,Pref,7.04,7.34,7.64
970,FallaIncapuquio,Upper,Upper,Lower,Pref,7.16,7.46,7.76
971,FallaMicalaco,Upper,Upper,Lower,Pref,6.82,7.12,7.42
972,FallaCerroRocoso,Upper,Upper,Lower,Pref,6.37,6.67,6.97
973,FallaChascoso,Upper,Upper,Lower,Pref,6.0,6.3,6.6
974,FallaChololo,Upper,Upper,Lower,Pref,7.04,7.34,7.64
975,FallaChulibaya,Upper,Upper,Lower,Pref,6.22,6.52,6.82
976,FallaCupine-pampaTrapiche,Upper,Upper,Lower,Pref,7.21,7.51,7.81
977,FallaMesacalane,Upper,Upper,Lower,Pref,6.21,6.51,6.81
978,FallaTambo,Upper,Upper,Lower,Pref,6.9,7.2,7.5
979,FallaToquepala,Upper,Upper,Lower,Pref,7.08,7.38,7.68
980,ZonadefallasCarumas-Calacoa,Upper,Upper,Lower,Pref,7.06,7.36,7.66
981,ZonadefallasCoralaque,Upper,Upper,Lower,Pref,6.7,7.0,7.3
982,ZonadefallasHuaynaputina,Upper,Upper,Lower,Pref,6.78,7.08,7.38
983,ZonadefallasIchuna,Upper,Upper,Lower,Pref,7.22,7.52,7.82
984,ZonadefallasPastoGrande,Upper,Upper,Lower,Pref,6.98,7.28,7.58
985,ZonadefallasTicsani-Suches,Upper,Upper,Lower,Pref,6.84,7.14,7.44
986,FallaPurgatorio,Upper,Pref,Lower,Pref,6.96,7.26,7.56
987,FallaIncapuquio,Upper,Pref,Lower,Pref,7.08,7.38,7.68
988,FallaMicalaco,Upper,Pref,Lower,Pref,6.75,7.05,7.35
989,FallaCerroRocoso,Upper,Pref,Lower,Pref,6.29,6.59,6.89
990,FallaChascoso,Upper,Pref,Lower,Pref,5.92,6.22,6.52
991,FallaChololo,Upper,Pref,Lower,Pref,6.96,7.26,7.56
992,FallaChulibaya,Upper,Pref,Lower,Pref,6.14,6.44,6.74
993,FallaCupine-pampaTrapiche,Upper,Pref,Lower,Pref,7.13,7.43,7.73
994,FallaMesacalane,Upper,Pref,Lower,Pref,6.13,6.43,6.73
995,FallaTambo,Upper,Pref,Lower,Pref,6.82,7.12,7.42
996,FallaToquepala,Upper,Pref,Lower,Pref,7.0,7.3,7.6
997,ZonadefallasCarumas-Calacoa,Upper,Pref,Lower,Pref,6.98,7.28,7.58
998,ZonadefallasCoralaque,Upper,Pref,Lower,Pref,6.62,6.92,7.22
999,ZonadefallasHuaynaputina,Upper,Pref,Lower,Pref,6.7,7.0,7.3
1000,ZonadefallasIchuna,Upper,Pref,Lower,Pref,7.14,7.44,7.74
1001,ZonadefallasPastoGrande,Upper,Pref,Lower,Pref,6.9,7.2,7.5
1002,ZonadefallasTicsani-Suches,Upper,Pref,Lower,Pref,6.76,7.06,7.36
1003,FallaPurgatorio,Upper,Lower,Lower,Pref,6.86,7.16,7.46
1004,FallaIncapuquio,Upper,Lower,Lower,Pref,6.98,7.28,7.58
1005,FallaMicalaco,Upper,Lower,Lower,Pref,6.65,6.95,7.25
1006,FallaCerroRocoso,Upper,Lower,Lower,Pref,6.2,6.5,6.8
1007,FallaChascoso,Upper,Lower,Lower,Pref,5.82,6.12,6.42
1008,FallaChololo,Upper,Lower,Lower,Pref,6.86,7.16,7.46
1009,FallaChulibaya,Upper,Lower,Lower,Pref,6.04,6.34,6.64
1010,FallaCupine-pampaTrapiche,Upper,Lower,Lower,Pref,7.03,7.33,7.63
1011,FallaMesacalane,Upper,Lower,Lower,Pref,6.03,6.33,6.63
1012,FallaTambo,Upper,Lower,Lower,Pref,6.73,7.03,7.33
1013,FallaToquepala,Upper,Lower,Lower,Pref,6.9,7.2,7.5
1014,ZonadefallasCarumas-Calacoa,Upper,Lower,Lower,Pref,6.88,7.18,7.48
1015,ZonadefallasCoralaque,Upper,Lower,Lower,Pref,6.53,6.83,7.13
1016,ZonadefallasHuaynaputina,Upper,Lower,Lower,Pref,6.6,6.9,7.2
1017,ZonadefallasIchuna,Upper,Lower,Lower,Pref,7.04,7.34,7.64
1018,ZonadefallasPastoGrande,Upper,Lower,Lower,Pref,6.8,7.1,7.4
1019,ZonadefallasTicsani-Suches,Upper,Lower,Lower,Pref,6.66,6.96,7.26
1020,FallaPurgatorio,Upper,Upper,Lower,Lower,7.04,7.34,7.64
1021,FallaIncapuquio,Upper,Upper,Lower,Lower,7.16,7.46,7.76
1022,FallaMicalaco,Upper,Upper,Lower,Lower,6.82,7.12,7.42
1023,FallaCerroRocoso,Upper,Upper,Lower,Lower,6.37,6.67,6.97
1024,FallaChascoso,Upper,Upper,Lower,Lower,6.0,6.3,6.6
1025,FallaChololo,Upper,Upper,Lower,Lower,7.04,7.34,7.64
1026,FallaChulibaya,Upper,Upper,Lower,Lower,6.22,6.52,6.82
1027,FallaCupine-pampaTrapiche,Upper,Upper,Lower,Lower,7.21,7.51,7.81
1028,FallaMesacalane,Upper,Upper,Lower,Lower,6.21,6.51,6.81
1029,FallaTambo,Upper,Upper,Lower,Lower,6.9,7.2,7.5
1030,FallaToquepala,Upper,Upper,Lower,Lower,7.08,7.38,7.68
1031,ZonadefallasCarumas-Calacoa,Upper,Upper,Lower,Lower,7.06,7.36,7.66
1032,ZonadefallasCoralaque,Upper,Upper,Lower,Lower,6.7,7.0,7.3
1033,ZonadefallasHuaynaputina,Upper,Upper,Lower,Lower,6.78,7.08,7.38
1034,ZonadefallasIchuna,Upper,Upper,Lower,Lower,7.22,7.52,7.82
1035,ZonadefallasPastoGrande,Upper,Upper,Lower,Lower,6.98,7.28,7.58
1036,ZonadefallasTicsani-Suches,Upper,Upper,Lower,Lower,6.84,7.14,7.44
1037,FallaPurgatorio,Upper,Pref,Lower,Lower,6.96,7.26,7.56
1038,FallaIncapuquio,Upper,Pref,Lower,Lower,7.08,7.38,7.68
1039,FallaMicalaco,Upper,Pref,Lower,Lower,6.75,7.05,7.35
1040,FallaCerroRocoso,Upper,Pref,Lower,Lower,6.29,6.59,6.89
1041,FallaChascoso,Upper,Pref,Lower,Lower,5.92,6.22,6.52
1042,FallaChololo,Upper,Pref,Lower,Lower,6.96,7.26,7.56
1043,FallaChulibaya,Upper,Pref,Lower,Lower,6.14,6.44,6.74
1044,FallaCupine-pampaTrapiche,Upper,Pref,Lower,Lower,7.13,7.43,7.73
1045,FallaMesacalane,Upper,Pref,Lower,Lower,6.13,6.43,6.73
1046,FallaTambo,Upper,Pref,Lower,Lower,6.82,7.12,7.42
1047,FallaToquepala,Upper,Pref,Lower,Lower,7.0,7.3,7.6
1048,ZonadefallasCarumas-Calacoa,Upper,Pref,Lower,Lower,6.98,7.28,7.58
1049,ZonadefallasCoralaque,Upper,Pref,Lower,Lower,6.62,6.92,7.22
1050,ZonadefallasHuaynaputina,Upper,Pref,Lower,Lower,6.7,7.0,7.3
1051,ZonadefallasIchuna,Upper,Pref,Lower,Lower,7.14,7.44,7.74
1052,ZonadefallasPastoGrande,Upper,Pref,Lower,Lower,6.9,7.2,7.5
1053,ZonadefallasTicsani-Suches,Upper,Pref,Lower,Lower,6.76,7.06,7.36
1054,FallaPurgatorio,Upper,Lower,Lower,Lower,6.86,7.16,7.46
1055,FallaIncapuquio,Upper,Lower,Lower,Lower,6.98,7.28,7.58
1056,FallaMicalaco,Upper,Lower,Lower,Lower,6.65,6.95,7.25
1057,FallaCerroRocoso,Upper,Lower,Lower,Lower,6.2,6.5,6.8
1058,FallaChascoso,Upper,Lower,Lower,Lower,5.82,6.12,6.42
1059,FallaChololo,Upper,Lower,Lower,Lower,6.86,7.16,7.46
1060,FallaChulibaya,Upper,Lower,Lower,Lower,6.04,6.34,6.64
1061,FallaCupine-pampaTrapiche,Upper,Lower,Lower,Lower,7.03,7.33,7.63
1062,FallaMesacalane,Upper,Lower,Lower,Lower,6.03,6.33,6.63
1063,FallaTambo,Upper,Lower,Lower,Lower,6.73,7.03,7.33
1064,FallaToquepala,Upper,Lower,Lower,Lower,6.9,7.2,7.5
1065,ZonadefallasCarumas-Calacoa,Upper,Lower,Lower,Lower,6.88,7.18,7.48
1066,ZonadefallasCoralaque,Upper,Lower,Lower,Lower,6.53,6.83,7.13
1067,ZonadefallasHuaynaputina,Upper,Lower,Lower,Lower,6.6,6.9,7.2
1068,ZonadefallasIchuna,Upper,Lower,Lower,Lower,7.04,7.34,7.64
1069,ZonadefallasPastoGrande,Upper,Lower,Lower,Lower,6.8,7.1,7.4
1070,ZonadefallasTicsani-Suches,Upper,Lower,Lower,Lower,6.66,6.96,7.26
1071,FallaPurgatorio,Pref,Upper,Lower,Upper,7.04,7.34,7.64
1072,FallaIncapuquio,Pref,Upper,Lower,Upper,7.16,7.46,7.76
1073,FallaMicalaco,Pref,Upper,Lower,Upper,6.82,7.12,7.42
1074,FallaCerroRocoso,Pref,Upper,Lower,Upper,6.37,6.67,6.97
1075,FallaChascoso,Pref,Upper,Lower,Upper,6.0,6.3,6.6
1076,FallaChololo,Pref,Upper,Lower,Upper,7.04,7.34,7.64
1077,FallaChulibaya,Pref,Upper,Lower,Upper,6.22,6.52,6.82
1078,FallaCupine-pampaTrapiche,Pref,Upper,Lower,Upper,7.21,7.51,7.81
1079,FallaMesacalane,Pref,Upper,Lower,Upper,6.21,6.51,6.81
1080,FallaTambo,Pref,Upper,Lower,Upper,6.9,7.2,7.5
1081,FallaToquepala,Pref,Upper,Lower,Upper,7.08,7.38,7.68
1082,ZonadefallasCarumas-Calacoa,Pref,Upper,Lower,Upper,7.06,7.36,7.66
1083,ZonadefallasCoralaque,Pref,Upper,Lower,Upper,6.7,7.0,7.3
1084,ZonadefallasHuaynaputina,Pref,Upper,Lower,Upper,6.78,7.08,7.38
1085,ZonadefallasIchuna,Pref,Upper,Lower,Upper,7.22,7.52,7.82
1086,ZonadefallasPastoGrande,Pref,Upper,Lower,Upper,6.98,7.28,7.58
1087,ZonadefallasTicsani-Suches,Pref,Upper,Lower,Upper,6.84,7.14,7.44
1088,FallaPurgatorio,Pref,Pref,Lower,Upper,6.96,7.26,7.56
1089,FallaIncapuquio,Pref,Pref,Lower,Upper,7.08,7.38,7.68
1090,FallaMicalaco,Pref,Pref,Lower,Upper,6.75,7.05,7.35
1091,FallaCerroRocoso,Pref,Pref,Lower,Upper,6.29,6.59,6.89
1092,FallaChascoso,Pref,Pref,Lower,Upper,5.92,6.22,6.52
1093,FallaChololo,Pref,Pref,Lower,Upper,6.96,7.26,7.56
1094,FallaChulibaya,Pref,Pref,Lower,Upper,6.14,6.44,6.74
1095,FallaCupine-pampaTrapiche,Pref,Pref,Lower,Upper,7.13,7.43,7.73
1096,FallaMesacalane,Pref,Pref,Lower,Upper,6.13,6.43,6.73
1097,FallaTambo,Pref,Pref,Lower,Upper,6.82,7.12,7.42
1098,FallaToquepala,Pref,Pref,Lower,Upper,7.0,7.3,7.6
1099,ZonadefallasCarumas-Calacoa,Pref,Pref,Lower,Upper,6.98,7.28,7.58
1100,ZonadefallasCoralaque,Pref,Pref,Lower,Upper,6.62,6.92,7.22
1101,ZonadefallasHuaynaputina,Pref,Pref,Lower,Upper,6.7,7.0,7.3
1102,ZonadefallasIchuna,Pref,Pref,Lower,Upper,7.14,7.44,7.74
1103,ZonadefallasPastoGrande,Pref,Pref,Lower,Upper,6.9,7.2,7.5
1104,ZonadefallasTicsani-Suches,Pref,Pref,Lower,Upper,6.76,7.06,7.36
1105,FallaPurgatorio,Pref,Lower,Lower,Upper,6.86,7.16,7.46
1106,FallaIncapuquio,Pref,Lower,Lower,Upper,6.98,7.28,7.58
1107,FallaMicalaco,Pref,Lower,Lower,Upper,6.65,6.95,7.25
1108,FallaCerroRocoso,Pref,Lower,Lower,Upper,6.2,6.5,6.8
1109,FallaChascoso,Pref,Lower,Lower,Upper,5.82,6.12,6.42
1110,FallaChololo,Pref,Lower,Lower,Upper,6.86,7.16,7.46
1111,FallaChulibaya,Pref,Lower,Lower,Upper,6.04,6.34,6.64
1112,FallaCupine-pampaTrapiche,Pref,Lower,Lower,Upper,7.03,7.33,7.63
1113,FallaMesacalane,Pref,Lower,Lower,Upper,6.03,6.33,6.63
1114,FallaTambo,Pref,Lower,Lower,Upper,6.73,7.03,7.33
1115,FallaToquepala,Pref,Lower,Lower,Upper,6.9,7.2,7.5
1116,ZonadefallasCarumas-Calacoa,Pref,Lower,Lower,Upper,6.88,7.18,7.48
1117,ZonadefallasCoralaque,Pref,Lower,Lower,Upper,6.53,6.83,7.13
1118,ZonadefallasHuaynaputina,Pref,Lower,Lower,Upper,6.6,6.9,7.2
1119,ZonadefallasIchuna,Pref,Lower,Lower,Upper,7.04,7.34,7.64
1120,ZonadefallasPastoGrande,Pref,Lower,Lower,Upper,6.8,7.1,7.4
1121,ZonadefallasTicsani-Suches,Pref,Lower,Lower,Upper,6.66,6.96,7.26
1122,FallaPurgatorio,Pref,Upper,Lower,Pref,7.04,7.34,7.64
1123,FallaIncapuquio,Pref,Upper,Lower,Pref,7.16,7.46,7.76
1124,FallaMicalaco,Pref,Upper,Lower,Pref,6.82,7.12,7.42
1125,FallaCerroRocoso,Pref,Upper,Lower,Pref,6.37,6.67,6.97
1126,FallaChascoso,Pref,Upper,Lower,Pref,6.0,6.3,6.6
1127,FallaChololo,Pref,Upper,Lower,Pref,7.04,7.34,7.64
1128,FallaChulibaya,Pref,Upper,Lower,Pref,6.22,6.52,6.82
1129,FallaCupine-pampaTrapiche,Pref,Upper,Lower,Pref,7.21,7.51,7.81
1130,FallaMesacalane,Pref,Upper,Lower,Pref,6.21,6.51,6.81
1131,FallaTambo,Pref,Upper,Lower,Pref,6.9,7.2,7.5
1132,FallaToquepala,Pref,Upper,Lower,Pref,7.08,7.38,7.68
1133,ZonadefallasCarumas-Calacoa,Pref,Upper,Lower,Pref,7.06,7.36,7.66
1134,ZonadefallasCoralaque,Pref,Upper,Lower,Pref,6.7,7.0,7.3
1135,ZonadefallasHuaynaputina,Pref,Upper,Lower,Pref,6.78,7.08,7.38
1136,ZonadefallasIchuna,Pref,Upper,Lower,Pref,7.22,7.52,7.82
1137,ZonadefallasPastoGrande,Pref,Upper,Lower,Pref,6.98,7.28,7.58
1138,ZonadefallasTicsani-Suches,Pref,Upper,Lower,Pref,6.84,7.14,7.44
1139,FallaPurgatorio,Pref,Pref,Lower,Pref,6.96,7.26,7.56
1140,FallaIncapuquio,Pref,Pref,Lower,Pref,7.08,7.38,7.68
1141,FallaMicalaco,Pref,Pref,Lower,Pref,6.75,7.05,7.35
1142,FallaCerroRocoso,Pref,Pref,Lower,Pref,6.29,6.59,6.89
1143,FallaChascoso,Pref,Pref,Lower,Pref,5.92,6.22,6.52
1144,FallaChololo,Pref,Pref,Lower,Pref,6.96,7.26,7.56
1145,FallaChulibaya,Pref,Pref,Lower,Pref,6.14,6.44,6.74
1146,FallaCupine-pampaTrapiche,Pref,Pref,Lower,Pref,7.13,7.43,7.73
1147,FallaMesacalane,Pref,Pref,Lower,Pref,6.13,6.43,6.73
1148,FallaTambo,Pref,Pref,Lower,Pref,6.82,7.12,7.42
1149,FallaToquepala,Pref,Pref,Lower,Pref,7.0,7.3,7.6
1150,ZonadefallasCarumas-Calacoa,Pref,Pref,Lower,Pref,6.98,7.28,7.58
1151,ZonadefallasCoralaque,Pref,Pref,Lower,Pref,6.62,6.92,7.22
1152,ZonadefallasHuaynaputina,Pref,Pref,Lower,Pref,6.7,7.0,7.3
1153,ZonadefallasIchuna,Pref,Pref,Lower,Pref,7.14,7.44,7.74
1154,ZonadefallasPastoGrande,Pref,Pref,Lower,Pref,6.9,7.2,7.5
1155,ZonadefallasTicsani-Suches,Pref,Pref,Lower,Pref,6.76,7.06,7.36
1156,FallaPurgatorio,Pref,Lower,Lower,Pref,6.86,7.16,7.46
1157,FallaIncapuquio,Pref,Lower,Lower,Pref,6.98,7.28,7.58
1158,FallaMicalaco,Pref,Lower,Lower,Pref,6.65,6.95,7.25
1159,FallaCerroRocoso,Pref,Lower,Lower,Pref,6.2,6.5,6.8
1160,FallaChascoso,Pref,Lower,Lower,Pref,5.82,6.12,6.42
1161,FallaChololo,Pref,Lower,Lower,Pref,6.86,7.16,7.46
1162,FallaChulibaya,Pref,Lower,Lower,Pref,6.04,6.34,6.64
1163,FallaCupine-pampaTrapiche,Pref,Lower,Lower,Pref,7.03,7.33,7.63
1164,FallaMesacalane,Pref,Lower,Lower,Pref,6.03,6.33,6.63
1165,FallaTambo,Pref,Lower,Lower,Pref,6.73,7.03,7.33
1166,FallaToquepala,Pref,Lower,Lower,Pref,6.9,7.2,7.5
1167,ZonadefallasCarumas-Calacoa,Pref,Lower,Lower,Pref,6.88,7.18,7.48
1168,ZonadefallasCoralaque,Pref,Lower,Lower,Pref,6.53,6.83,7.13
1169,ZonadefallasHuaynaputina,Pref,Lower,Lower,Pref,6.6,6.9,7.2
1170,ZonadefallasIchuna,Pref,Lower,Lower,Pref,7.04,7.34,7.64
1171,ZonadefallasPastoGrande,Pref,Lower,Lower,Pref,6.8,7.1,7.4
1172,ZonadefallasTicsani-Suches,Pref,Lower,Lower,Pref,6.66,6.96,7.26
1173,FallaPurgatorio,Pref,Upper,Lower,Lower,7.04,7.34,7.64
1174,FallaIncapuquio,Pref,Upper,Lower,Lower,7.16,7.46,7.76
1175,FallaMicalaco,Pref,Upper,Lower,Lower,6.82,7.12,7.42
1176,FallaCerroRocoso,Pref,Upper,Lower,Lower,6.37,6.67,6.97
1177,FallaChascoso,Pref,Upper,Lower,Lower,6.0,6.3,6.6
1178,FallaChololo,Pref,Upper,Lower,Lower,7.04,7.34,7.64
1179,FallaChulibaya,Pref,Upper,Lower,Lower,6.22,6.52,6.82
1180,FallaCupine-pampaTrapiche,Pref,Upper,Lower,Lower,7.21,7.51,7.81
1181,FallaMesacalane,Pref,Upper,Lower,Lower,6.21,6.51,6.81
1182,FallaTambo,Pref,Upper,Lower,Lower,6.9,7.2,7.5
1183,FallaToquepala,Pref,Upper,Lower,Lower,7.08,7.38,7.68
1184,ZonadefallasCarumas-Calacoa,Pref,Upper,Lower,Lower,7.06,7.36,7.66
1185,ZonadefallasCoralaque,Pref,Upper,Lower,Lower,6.7,7.0,7.3
1186,ZonadefallasHuaynaputina,Pref,Upper,Lower,Lower,6.78,7.08,7.38
1187,ZonadefallasIchuna,Pref,Upper,Lower,Lower,7.22,7.52,7.82
1188,ZonadefallasPastoGrande,Pref,Upper,Lower,Lower,6.98,7.28,7.58
1189,ZonadefallasTicsani-Suches,Pref,Upper,Lower,Lower,6.84,7.14,7.44
1190,FallaPurgatorio,Pref,Pref,Lower,Lower,6.96,7.26,7.56
1191,FallaIncapuquio,Pref,Pref,Lower,Lower,7.08,7.38,7.68
1192,FallaMicalaco,Pref,Pref,Lower,Lower,6.75,7.05,7.35
1193,FallaCerroRocoso,Pref,Pref,Lower,Lower,6.29,6.59,6.89
1194,FallaChascoso,Pref,Pref,Lower,Lower,5.92,6.22,6.52
1195,FallaChololo,Pref,Pref,Lower,Lower,6.96,7.26,7.56
1196,FallaChulibaya,Pref,Pref,Lower,Lower,6.14,6.44,6.74
1197,FallaCupine-pampaTrapiche,Pref,Pref,Lower,Lower,7.13,7.43,7.73
1198,FallaMesacalane,Pref,Pref,Lower,Lower,6.13,6.43,6.73
1199,FallaTambo,Pref,Pref,Lower,Lower,6.82,7.12,7.42
1200,FallaToquepala,Pref,Pref,Lower,Lower,7.0,7.3,7.6
1201,ZonadefallasCarumas-Calacoa,Pref,Pref,Lower,Lower,6.98,7.28,7.58
1202,ZonadefallasCoralaque,Pref,Pref,Lower,Lower,6.62,6.92,7.22
1203,ZonadefallasHuaynaputina,Pref,Pref,Lower,Lower,6.7,7.0,7.3
1204,ZonadefallasIchuna,Pref,Pref,Lower,Lower,7.14,7.44,7.74
1205,ZonadefallasPastoGrande,Pref,Pref,Lower,Lower,6.9,7.2,7.5
1206,ZonadefallasTicsani-Suches,Pref,Pref,Lower,Lower,6.76,7.06,7.36
1207,FallaPurgatorio,Pref,Lower,Lower,Lower,6.86,7.16,7.46
1208,FallaIncapuquio,Pref,Lower,Lower,Lower,6.98,7.28,7.58
1209,FallaMicalaco,Pref,Lower,Lower,Lower,6.65,6.95,7.25
1210,FallaCerroRocoso,Pref,Lower,Lower,Lower,6.2,6.5,6.8
1211,FallaChascoso,Pref,Lower,Lower,Lower,5.82,6.12,6.42
1212,FallaChololo,Pref,Lower,Lower,Lower,6.86,7.16,7.46
1213,FallaChulibaya,Pref,Lower,Lower,Lower,6.04,6.34,6.64
1214,FallaCupine-pampaTrapiche,Pref,Lower,Lower,Lower,7.03,7.33,7.63
1215,FallaMesacalane,Pref,Lower,Lower,Lower,6.03,6.33,6.63
1216,FallaTambo,Pref,Lower,Lower,Lower,6.73,7.03,7.33
1217,FallaToquepala,Pref,Lower,Lower,Lower,6.9,7.2,7.5
1218,ZonadefallasCarumas-Calacoa,Pref,Lower,Lower,Lower,6.88,7.18,7.48
1219,ZonadefallasCoralaque,Pref,Lower,Lower,Lower,6.53,6.83,7.13
1220,ZonadefallasHuaynaputina,Pref,Lower,Lower,Lower,6.6,6.9,7.2
1221,ZonadefallasIchuna,Pref,Lower,Lower,Lower,7.04,7.34,7.64
1222,ZonadefallasPastoGrande,Pref,Lower,Lower,Lower,6.8,7.1,7.4
1223,ZonadefallasTicsani-Suches,Pref,Lower,Lower,Lower,6.66,6.96,7.26
1224,FallaPurgatorio,Lower,Upper,Lower,Upper,7.04,7.34,7.64
1225,FallaIncapuquio,Lower,Upper,Lower,Upper,7.16,7.46,7.76
1226,FallaMicalaco,Lower,Upper,Lower,Upper,6.82,7.12,7.42
1227,FallaCerroRocoso,Lower,Upper,Lower,Upper,6.37,6.67,6.97
1228,FallaChascoso,Lower,Upper,Lower,Upper,6.0,6.3,6.6
1229,FallaChololo,Lower,Upper,Lower,Upper,7.04,7.34,7.64
1230,FallaChulibaya,Lower,Upper,Lower,Upper,6.22,6.52,6.82
1231,FallaCupine-pampaTrapiche,Lower,Upper,Lower,Upper,7.21,7.51,7.81
1232,FallaMesacalane,Lower,Upper,Lower,Upper,6.21,6.51,6.81
1233,FallaTambo,Lower,Upper,Lower,Upper,6.9,7.2,7.5
1234,FallaToquepala,Lower,Upper,Lower,Upper,7.08,7.38,7.68
1235,ZonadefallasCarumas-Calacoa,Lower,Upper,Lower,Upper,7.06,7.36,7.66
1236,ZonadefallasCoralaque,Lower,Upper,Lower,Upper,6.7,7.0,7.3
1237,ZonadefallasHuaynaputina,Lower,Upper,Lower,Upper,6.78,7.08,7.38
1238,ZonadefallasIchuna,Lower,Upper,Lower,Upper,7.22,7.52,7.82
1239,ZonadefallasPastoGrande,Lower,Upper,Lower,Upper,6.98,7.28,7.58
1240,ZonadefallasTicsani-Suches,Lower,Upper,Lower,Upper,6.84,7.14,7.44
1241,FallaPurgatorio,Lower,Pref,Lower,Upper,6.96,7.26,7.56
1242,FallaIncapuquio,Lower,Pref,Lower,Upper,7.08,7.38,7.68
1243,FallaMicalaco,Lower,Pref,Lower,Upper,6.75,7.05,7.35
1244,FallaCerroRocoso,Lower,Pref,Lower,Upper,6.29,6.59,6.89
1245,FallaChascoso,Lower,Pref,Lower,Upper,5.92,6.22,6.52
1246,FallaChololo,Lower,Pref,Lower,Upper,6.96,7.26,7.56
1247,FallaChulibaya,Lower,Pref,Lower,Upper,6.14,6.44,6.74
1248,FallaCupine-pampaTrapiche,Lower,Pref,Lower,Upper,7.13,7.43,7.73
1249,FallaMesacalane,Lower,Pref,Lower,Upper,6.13,6.43,6.73
1250,FallaTambo,Lower,Pref,Lower,Upper,6.82,7.12,7.42
1251,FallaToquepala,Lower,Pref,Lower,Upper,7.0,7.3,7.6
1252,ZonadefallasCarumas-Calacoa,Lower,Pref,Lower,Upper,6.98,7.28,7.58
1253,ZonadefallasCoralaque,Lower,Pref,Lower,Upper,6.62,6.92,7.22
1254,ZonadefallasHuaynaputina,Lower,Pref,Lower,Upper,6.7,7.0,7.3
1255,ZonadefallasIchuna,Lower,Pref,Lower,Upper,7.14,7.44,7.74
1256,ZonadefallasPastoGrande,Lower,Pref,Lower,Upper,6.9,7.2,7.5
1257,ZonadefallasTicsani-Suches,Lower,Pref,Lower,Upper,6.76,7.06,7.36
1258,FallaPurgatorio,Lower,Lower,Lower,Upper,6.86,7.16,7.46
1259,FallaIncapuquio,Lower,Lower,Lower,Upper,6.98,7.28,7.58
1260,FallaMicalaco,Lower,Lower,Lower,Upper,6.65,6.95,7.25
1261,FallaCerroRocoso,Lower,Lower,Lower,Upper,6.2,6.5,6.8
1262,FallaChascoso,Lower,Lower,Lower,Upper,5.82,6.12,6.42
1263,FallaChololo,Lower,Lower,Lower,Upper,6.86,7.16,7.46
1264,FallaChulibaya,Lower,Lower,Lower,Upper,6.04,6.34,6.64
1265,FallaCupine-pampaTrapiche,Lower,Lower,Lower,Upper,7.03,7.33,7.63
1266,FallaMesacalane,Lower,Lower,Lower,Upper,6.03,6.33,6.63
1267,FallaTambo,Lower,Lower,Lower,Upper,6.73,7.03,7.33
1268,FallaToquepala,Lower,Lower,Lower,Upper,6.9,7.2,7.5
1269,ZonadefallasCarumas-Calacoa,Lower,Lower,Lower,Upper,6.88,7.18,7.48
1270,ZonadefallasCoralaque,Lower,Lower,Lower,Upper,6.53,6.83,7.13
1271,ZonadefallasHuaynaputina,Lower,Lower,Lower,Upper,6.6,6.9,7.2
1272,ZonadefallasIchuna,Lower,Lower,Lower,Upper,7.04,7.34,7.64
1273,ZonadefallasPastoGrande,Lower,Lower,Lower,Upper,6.8,7.1,7.4
1274,ZonadefallasTicsani-Suches,Lower,Lower,Lower,Upper,6.66,6.96,7.26
1275,FallaPurgatorio,Lower,Upper,Lower,Pref,7.04,7.34,7.64
1276,FallaIncapuquio,Lower,Upper,Lower,Pref,7.16,7.46,7.76
1277,FallaMicalaco,Lower,Upper,Lower,Pref,6.82,7.12,7.42
1278,FallaCerroRocoso,Lower,Upper,Lower,Pref,6.37,6.67,6.97
1279,FallaChascoso,Lower,Upper,Lower,Pref,6.0,6.3,6.6
1280,FallaChololo,Lower,Upper,Lower,Pref,7.04,7.34,7.64
1281,FallaChulibaya,Lower,Upper,Lower,Pref,6.22,6.52,6.82
1282,FallaCupine-pampaTrapiche,Lower,Upper,Lower,Pref,7.21,7.51,7.81
1283,FallaMesacalane,Lower,Upper,Lower,Pref,6.21,6.51,6.81
1284,FallaTambo,Lower,Upper,Lower,Pref,6.9,7.2,7.5
1285,FallaToquepala,Lower,Upper,Lower,Pref,7.08,7.38,7.68
1286,ZonadefallasCarumas-Calacoa,Lower,Upper,Lower,Pref,7.06,7.36,7.66
1287,ZonadefallasCoralaque,Lower,Upper,Lower,Pref,6.7,7.0,7.3
1288,ZonadefallasHuaynaputina,Lower,Upper,Lower,Pref,6.78,7.08,7.38
1289,ZonadefallasIchuna,Lower,Upper,Lower,Pref,7.22,7.52,7.82
1290,ZonadefallasPastoGrande,Lower,Upper,Lower,Pref,6.98,7.28,7.58
1291,ZonadefallasTicsani-Suches,Lower,Upper,Lower,Pref,6.84,7.14,7.44
1292,FallaPurgatorio,Lower,Pref,Lower,Pref,6.96,7.26,7.56
1293,FallaIncapuquio,Lower,Pref,Lower,Pref,7.08,7.38,7.68
1294,FallaMicalaco,Lower,Pref,Lower,Pref,6.75,7.05,7.35
1295,FallaCerroRocoso,Lower,Pref,Lower,Pref,6.29,6.59,6.89
1296,FallaChascoso,Lower,Pref,Lower,Pref,5.92,6.22,6.52
1297,FallaChololo,Lower,Pref,Lower,Pref,6.96,7.26,7.56
1298,FallaChulibaya,Lower,Pref,Lower,Pref,6.14,6.44,6.74
1299,FallaCupine-pampaTrapiche,Lower,Pref,Lower,Pref,7.13,7.43,7.73
1300,FallaMesacalane,Lower,Pref,Lower,Pref,6.13,6.43,6.73
1301,FallaTambo,Lower,Pref,Lower,Pref,6.82,7.12,7.42
1302,FallaToquepala,Lower,Pref,Lower,Pref,7.0,7.3,7.6
1303,ZonadefallasCarumas-Calacoa,Lower,Pref,Lower,Pref,6.98,7.28,7.58
1304,ZonadefallasCoralaque,Lower,Pref,Lower,Pref,6.62,6.92,7.22
1305,ZonadefallasHuaynaputina,Lower,Pref,Lower,Pref,6.7,7.0,7.3
1306,ZonadefallasIchuna,Lower,Pref,Lower,Pref,7.14,7.44,7.74
1307,ZonadefallasPastoGrande,Lower,Pref,Lower,Pref,6.9,7.2,7.5
1308,ZonadefallasTicsani-Suches,Lower,Pref,Lower,Pref,6.76,7.06,7.36
1309,FallaPurgatorio,Lower,Lower,Lower,Pref,6.86,7.16,7.46
1310,FallaIncapuquio,Lower,Lower,Lower,Pref,6.98,7.28,7.58
1311,FallaMicalaco,Lower,Lower,Lower,Pref,6.65,6.95,7.25
1312,FallaCerroRocoso,Lower,Lower,Lower,Pref,6.2,6.5,6.8
1313,FallaChascoso,Lower,Lower,Lower,Pref,5.82,6.12,6.42
1314,FallaChololo,Lower,Lower,Lower,Pref,6.86,7.16,7.46
1315,FallaChulibaya,Lower,Lower,Lower,Pref,6.04,6.34,6.64
1316,FallaCupine-pampaTrapiche,Lower,Lower,Lower,Pref,7.03,7.33,7.63
1317,FallaMesacalane,Lower,Lower,Lower,Pref,6.03,6.33,6.63
1318,FallaTambo,Lower,Lower,Lower,Pref,6.73,7.03,7.33
1319,FallaToquepala,Lower,Lower,Lower,Pref,6.9,7.2,7.5
1320,ZonadefallasCarumas-Calacoa,Lower,Lower,Lower,Pref,6.88,7.18,7.48
1321,ZonadefallasCoralaque,Lower,Lower,Lower,Pref,6.53,6.83,7.13
1322,ZonadefallasHuaynaputina,Lower,Lower,Lower,Pref,6.6,6.9,7.2
1323,ZonadefallasIchuna,Lower,Lower,Lower,Pref,7.04,7.34,7.64
1324,ZonadefallasPastoGrande,Lower,Lower,Lower,Pref,6.8,7.1,7.4
1325,ZonadefallasTicsani-Suches,Lower,Lower,Lower,Pref,6.66,6.96,7.26
1326,FallaPurgatorio,Lower,Upper,Lower,Lower,7.04,7.34,7.64
1327,FallaIncapuquio,Lower,Upper,Lower,Lower,7.16,7.46,7.76
1328,FallaMicalaco,Lower,Upper,Lower,Lower,6.82,7.12,7.42
1329,FallaCerroRocoso,Lower,Upper,Lower,Lower,6.37,6.67,6.97
1330,FallaChascoso,Lower,Upper,Lower,Lower,6.0,6.3,6.6
1331,FallaChololo,Lower,Upper,Lower,Lower,7.04,7.34,7.64
1332,FallaChulibaya,Lower,Upper,Lower,Lower,6.22,6.52,6.82
1333,FallaCupine-pampaTrapiche,Lower,Upper,Lower,Lower,7.21,7.51,7.81
1334,FallaMesacalane,Lower,Upper,Lower,Lower,6.21,6.51,6.81
1335,FallaTambo,Lower,Upper,Lower,Lower,6.9,7.2,7.5
1336,FallaToquepala,Lower,Upper,Lower,Lower,7.08,7.38,7.68
1337,ZonadefallasCarumas-Calacoa,Lower,Upper,Lower,Lower,7.06,7.36,7.66
1338,ZonadefallasCoralaque,Lower,Upper,Lower,Lower,6.7,7.0,7.3
1339,ZonadefallasHuaynaputina,Lower,Upper,Lower,Lower,6.78,7.08,7.38
1340,ZonadefallasIchuna,Lower,Upper,Lower,Lower,7.22,7.52,7.82
1341,ZonadefallasPastoGrande,Lower,Upper,Lower,Lower,6.98,7.28,7.58
1342,ZonadefallasTicsani-Suches,Lower,Upper,Lower,Lower,6.84,7.14,7.44
1343,FallaPurgatorio,Lower,Pref,Lower,Lower,6.96,7.26,7.56
1344,FallaIncapuquio,Lower,Pref,Lower,Lower,7.08,7.38,7.68
1345,FallaMicalaco,Lower,Pref,Lower,Lower,6.75,7.05,7.35
1346,FallaCerroRocoso,Lower,Pref,Lower,Lower,6.29,6.59,6.89
1347,FallaChascoso,Lower,Pref,Lower,Lower,5.92,6.22,6.52
1348,FallaChololo,Lower,Pref,Lower,Lower,6.96,7.26,7.56
1349,FallaChulibaya,Lower,Pref,Lower,Lower,6.14,6.44,6.74
1350,FallaCupine-pampaTrapiche,Lower,Pref,Lower,Lower,7.13,7.43,7.73
1351,FallaMesacalane,Lower,Pref,Lower,Lower,6.13,6.43,6.73
1352,FallaTambo,Lower,Pref,Lower,Lower,6.82,7.12,7.42
1353,FallaToquepala,Lower,Pref,Lower,Lower,7.0,7.3,7.6
1354,ZonadefallasCarumas-Calacoa,Lower,Pref,Lower,Lower,6.98,7.28,7.58
1355,ZonadefallasCoralaque,Lower,Pref,Lower,Lower,6.62,6.92,7.22
1356,ZonadefallasHuaynaputina,Lower,Pref,Lower,Lower,6.7,7.0,7.3
1357,ZonadefallasIchuna,Lower,Pref,Lower,Lower,7.14,7.44,7.74
1358,ZonadefallasPastoGrande,Lower,Pref,Lower,Lower,6.9,7.2,7.5
1359,ZonadefallasTicsani-Suches,Lower,Pref,Lower,Lower,6.76,7.06,7.36
1360,FallaPurgatorio,Lower,Lower,Lower,Lower,6.86,7.16,7.46
1361,FallaIncapuquio,Lower,Lower,Lower,Lower,6.98,7.28,7.58
1362,FallaMicalaco,Lower,Lower,Lower,Lower,6.65,6.95,7.25
1363,FallaCerroRocoso,Lower,Lower,Lower,Lower,6.2,6.5,6.8
1364,FallaChascoso,Lower,Lower,Lower,Lower,5.82,6.12,6.42
1365,FallaChololo,Lower,Lower,Lower,Lower,6.86,7.16,7.46
1366,FallaChulibaya,Lower,Lower,Lower,Lower,6.04,6.34,6.64
1367,FallaCupine-pampaTrapiche,Lower,Lower,Lower,Lower,7.03,7.33,7.63
1368,FallaMesacalane,Lower,Lower,Lower,Lower,6.03,6.33,6.63
1369,FallaTambo,Lower,Lower,Lower,Lower,6.73,7.03,7.33
1370,FallaToquepala,Lower,Lower,Lower,Lower,6.9,7.2,7.5
1371,ZonadefallasCarumas-Calacoa,Lower,Lower,Lower,Lower,6.88,7.18,7.48
1372,ZonadefallasCoralaque,Lower,Lower,Lower,Lower,6.53,6.83,7.13
1373,ZonadefallasHuaynaputina,Lower,Lower,Lower,Lower,6.6,6.9,7.2
1374,ZonadefallasIchuna,Lower,Lower,Lower,Lower,7.04,7.34,7.64
1375,ZonadefallasPastoGrande,Lower,Lower,Lower,Lower,6.8,7.1,7.4
1376,ZonadefallasTicsani-Suches,Lower,Lower,Lower,Lower,6.66,6.96,7.26
